0	厚岸	あっけし
1	朝来	あっそ
2	厚床	あっとこ
3	安比高原	あっぴこうげん
4	相生	あいおい
5	相賀	あいが
6	愛山	あいざん
7	愛知御津	あいちみと
8	会津大塩	あいづおおしお
9	会津川口	あいづかわぐち
10	会津蒲生	あいづがもう
11	相月	あいづき
12	会津越川	あいづこすがわ
13	会津坂本	あいづさかもと
14	会津塩沢	あいづしおざわ
15	会津高田	あいづたかだ
16	会津豊川	あいづとよかわ
17	会津中川	あいづなかがわ
18	会津西方	あいづにしかた
19	会津坂下	あいづばんげ
20	会津桧原	あいづひのはら
21	会津本郷	あいづほんごう
22	逢妻	あいづま
23	会津水沼	あいづみずぬま
24	会津宮下	あいづみやした
25	会津柳津	あいづやないづ
26	会津横田	あいづよこた
27	会津若松	あいづわかまつ
28	愛野	あいの
29	相野	あいの
30	あいの里教育大	あいのさときょうい
31	あいの里公園	あいのさとこうえん
32	相内	あいのない
33	相野々	あいのの
34	相原	あいはら
35	愛別	あいべつ
36	相見	あいみ
37	藍本	あいもと
38	姶良	あいら
39	粟生	あお
40	青井岳	あおいだけ
41	粟生津	あおうづ
42	青倉	あおくら
43	青笹	あおざさ
44	青島	あおしま
45	青沼	あおぬま
46	青野ヶ原	あおのがはら
47	青郷	あおのごう
48	青野山	あおのやま
49	青原	あおはら
50	青葉	あおば
51	あおば通	あおばどおり
52	青堀	あおほり
53	青森	あおもり
54	青谷	あおや
55	青柳	あおやぎ
56	青山	あおやま
57	赤井	あかい
58	赤井川	あかいがわ
59	赤岩	あかいわ
60	赤川	あかがわ
61	赤木	あかぎ
62	赤倉温泉	あかくらおんせん
63	赤坂田	あかさかた
64	赤碕	あかさき
65	明石	あかし
66	明科	あかしな
67	赤瀬	あかせ
68	赤塚	あかつか
69	赤羽	あかばね
70	赤平	あかびら
71	赤渕	あかぶち
72	赤星	あかぼし
73	赤間	あかま
74	赤水	あかみず
75	赤湯	あかゆ
76	英賀保	あがほ
77	(境)上道	あがりみち
78	阿川	あがわ
79	安芸阿賀	あきあが
80	あき亀山	あきかめやま
81	安芸川尻	あきかわじり
82	秋川	あきがわ
83	安芸幸崎	あきさいざき
84	昭島	あきしま
85	秋田	あきた
86	あきた白神	あきたしらかみ
87	安芸津	あきつ
88	安芸中野	あきなかの
89	安芸長束	あきながつか
90	安芸長浜	あきながはま
91	秋葉原	あきはばら
92	安芸矢口	あきやぐち
93	鮎喰	あくい
94	上尾	あげお
95	上松	あげまつ
96	安子ヶ島	あこがしま
97	阿漕	あこぎ
98	厚狭	あさ
99	浅香	あさか
100	安積永盛	あさかながもり
101	浅川	あさかわ
102	阿佐ヶ谷	あさがや
103	朝霧	あさぎり
104	浅草橋	あさくさばし
105	朝倉	あさくら
106	朝地	あさじ
107	浅海	あさなみ
108	浅野	あさの
109	(総)旭	あさひ
110	(土)旭	あさひ
111	朝日	あさひ
112	旭川	あさひかわ
113	旭川四条	あさひかわよじょ
114	旭ヶ丘	あさひがおか
115	浅利	あさり
116	朝里	あさり
117	浅海井	あざむい
118	足利	あしかが
119	足ヶ瀬	あしがせ
120	足柄	あしがら
121	芦川	あしがわ
122	芦沢	あしさわ
123	足滝	あしだき
124	足立	あしだち
125	芦原橋	あしはらばし
126	芦別	あしべつ
127	足守	あしもり
128	芦屋	あしや
129	安治川口	あじかわぐち
130	鰺ヶ沢	あじがさわ
131	安食	あじき
132	阿知須	あじす
133	阿品	あじな
134	網代	あじろ
135	足羽	あすわ
136	梓橋	あずさばし
137	安曇追分	あずみおいわけ
138	安曇沓掛	あずみくつかけ
139	安栖里	あせり
140	阿曽	あそ
141	阿蘇	あそ
142	吾桑	あそう
143	薊野	あぞうの
144	愛宕	あたご
145	新鹿	あたしか
146	熱海	あたみ
147	阿田和	あたわ
148	安達	あだち
149	厚保	あつ
150	厚賀	あつが
151	厚木	あつぎ
152	熱田	あつた
153	厚内	あつない
154	厚別	あつべつ
155	あつみ温泉	あつみおんせん
156	安土	あづち
157	左沢	あてらざわ
158	安登	あと
159	安曇川	あどがわ
160	穴吹	あなぶき
161	穴山	あなやま
162	阿南	あなん
163	兄畑	あにはた
164	姉ヶ崎	あねがさき
165	姉別	あねべつ
166	網走	あばしり
167	我孫子	あびこ
168	我孫子町	あびこちょう
169	安平	あびら
170	油川	あぶらかわ
171	油津	あぶらつ
172	油田	あぶらでん
173	油日	あぶらひ
174	安倍川	あべかわ
175	安部山公園	あべやまこうえん
176	網干	あぼし
177	尼崎	あまがさき
178	天ヶ瀬	あまがせ
179	甘地	あまじ
180	天津	あまつ
181	雨晴	あまはらし
182	余子	あまりこ
183	餘部	あまるべ
184	余目	あまるめ
185	安茂里	あもり
186	綾織	あやおり
187	愛子	あやし
188	綾瀬	あやせ
189	綾部	あやべ
190	綾羅木	あやらぎ
191	新居町	あらいまち
192	(鹿)荒尾	あらお
193	(東)荒尾	あらお
194	荒川沖	あらかわおき
195	荒木	あらき
196	新木	あらき
197	荒島	あらしま
198	(牟)新野	あらたの
199	荒浜	あらはま
200	新屋	あらや
201	荒屋新町	あらやしんまち
202	荒谷前	あらやまえ
203	有明	ありあけ
204	有井	ありい
205	有壁	ありかべ
206	有佐	ありさ
207	有田	ありた
208	有戸	ありと
209	有畑	ありはた
210	安和	あわ
211	阿波赤石	あわあかいし
212	安房天津	あわあまつ
213	粟井	あわい
214	阿波池田	あわいけだ
215	阿波大谷	あわおおたに
216	阿波大宮	あわおおみや
217	阿波海南	あわかいなん
218	安房勝山	あわかつやま
219	阿波加茂	あわかも
220	安房鴨川	あわかもがわ
221	阿波川口	あわかわぐち
222	阿波川島	あわかわしま
223	阿波川端	あわかわばた
224	安房小湊	あわこみなと
225	阿波橘	あわたちばな
226	粟津	あわづ
227	阿波富田	あわとみだ
228	阿波中島	あわなかしま
229	粟野	あわの
230	阿波半田	あわはんだ
231	阿波福井	あわふくい
232	阿波山川	あわやまかわ
233	芦原温泉	あわらおんせん
234	安城	あんじょう
235	安善	あんぜん
236	安足間	あんたろま
237	安中	あんなか
238	安中榛名	あんなかはるな
239	一勝地	いっしょうち
240	一本松	いっぽんまつ
241	飯井	いい
242	飯岡	いいおか
243	飯倉	いいぐら
244	飯島	いいじま
245	飯田	いいだ
246	飯田橋	いいだばし
247	飯塚	いいづか
248	飯詰	いいづめ
249	飯浦	いいのうら
250	飯森	いいもり
251	飯山	いいやま
252	家城	いえき
253	家地川	いえぢがわ
254	伊香牛	いかうし
255	五十崎	いかざき
256	碇ヶ関	いかりがせき
257	井川さくら	いかわさくら
258	伊賀	いが
259	伊賀上野	いがうえの
260	五十島	いがしま
261	伊上	いがみ
262	伊賀屋	いがや
263	一貴山	いきさん
264	軍畑	いくさばた
265	生田原	いくたはら
266	幾寅	いくとら
267	(石)生野	いくの
268	(播)生野	いくの
269	生野屋	いくのや
270	井倉	いくら
271	居組	いぐみ
272	池尻	いけじり
273	池田	いけだ
274	池田園	いけだえん
275	池月	いけづき
276	池の浦ｼｰｻｲﾄﾞ	いけのうらしーさい
277	池谷	いけのたに
278	池場	いけば
279	池袋	いけぶくろ
280	いこいの村	いこいのむら
281	石原	いさ
282	諫早	いさはや
283	伊佐領	いさりょう
284	石和温泉	いさわおんせん
285	石井	いしい
286	石打	いしうち
287	石打ダム	いしうちだむ
288	石岡	いしおか
289	石垣	いしかき
290	石狩金沢	いしかりかなざわ
291	石狩月形	いしかりつきがた
292	石狩当別	いしかりとうべつ
293	石狩沼田	いしかりぬまた
294	石狩太美	いしかりふとみ
295	石川	いしかわ
296	石川町	いしかわちょう
297	石蟹	いしが
298	石神前	いしがみまえ
299	石倉	いしくら
300	石越	いしこし
301	石地	いしじ
302	石田	いしだ
303	石鎚山	いしづちやま
304	石鳥谷	いしどりや
305	石巻	いしのまき
306	石巻あゆみ野	いしのまきあゆみの
307	石浜	いしはま
308	石原町	いしはらまち
309	石橋	いしばし
310	石部	いしべ
311	石谷	いしや
312	石山	いしやま
313	一身田	いしんでん
314	伊集院	いじゅういん
315	五十鈴ヶ丘	いすずがおか
316	伊豆多賀	いずたが
317	出水	いずみ
318	泉	いずみ
319	泉郷	いずみごう
320	泉崎	いずみざき
321	和泉砂川	いずみすながわ
322	泉田	いずみた
323	和泉鳥取	いずみとっとり
324	和泉橋本	いずみはしもと
325	和泉府中	いずみふちゅう
326	出目	いずめ
327	出雲坂根	いずもさかね
328	出雲崎	いずもざき
329	出雲市	いずもし
330	出雲神西	いずもじんざ
331	出雲大東	いずもだいとう
332	出雲三成	いずもみなり
333	出雲八代	いずもやしろ
334	出雲横田	いずもよこた
335	出馬	いずんま
336	伊勢大井	いせおおい
337	伊勢奥津	いせおきつ
338	伊勢柏崎	いせかしわざき
339	伊勢鎌倉	いせかまくら
340	伊勢川口	いせかわぐち
341	井関	いせぎ
342	伊勢崎	いせさき
343	伊勢市	いせし
344	伊勢竹原	いせたけはら
345	伊勢八太	いせはた
346	伊勢八知	いせやち
347	五十市	いそいち
348	石生	いそう
349	磯子	いそご
350	五十猛	いそたけ
351	磯原	いそはら
352	磯分内	いそぶんない
353	磯部	いそべ
354	潮来	いたこ
355	板野	いたの
356	板橋	いたばし
357	伊丹	いたみ
358	板持	いたもち
359	板谷	いたや
360	板柳	いたやなぎ
361	井田川	いだがわ
362	市岡	いちおか
363	市川	いちかわ
364	市川大野	いちかわおおの
365	市川塩浜	いちかわしおはま
366	市川大門	いちかわだいもん
367	市川本町	いちかわほんまち
368	市ヶ谷	いちがや
369	市来	いちき
370	一志	いちし
371	市城	いちしろ
372	一乗谷	いちじょうだに
373	市島	いちじま
374	市棚	いちたな
375	市田	いちだ
376	市坪	いちつぼ
377	市波	いちなみ
378	市布	いちぬの
379	市ノ川	いちのかわ
380	市ノ瀬	いちのせ
381	一ノ関	いちのせき
382	櫟本	いちのもと
383	市場	いちば
384	市振	いちぶり
385	五日市	いつかいち
386	五日町	いつかまち
387	井出	いで
388	糸井	いとい
389	糸魚川	いといがわ
390	糸魚沢	いといざわ
391	伊東	いとう
392	糸崎	いとざき
393	愛し野	いとしの
394	稲枝	いなえ
395	稲尾	いなお
396	伊那大島	いなおおしま
397	伊那上郷	いなかみさと
398	伊那北	いなきた
399	稲城長沼	いなぎながぬま
400	稲毛	いなげ
401	稲毛海岸	いなげかいがん
402	稲子	いなこ
403	伊那小沢	いなこざわ
404	稲沢	いなざわ
405	伊那市	いなし
406	伊那新町	いなしんまち
407	伊那田島	いなたじま
408	稲田	いなだ
409	稲田堤	いなだづつみ
410	稲積公園	いなづみこうえん
411	猪名寺	いなでら
412	稲原	いなはら
413	因幡社	いなばやしろ
414	伊那福岡	いなふくおか
415	稲穂	いなほ
416	伊那本郷	いなほんごう
417	伊那松島	いなまつしま
418	印南	いなみ
419	伊那八幡	いなやわた
420	稲荷	いなり
421	稲荷山	いなりやま
422	猪苗代	いなわしろ
423	猪苗代湖畔	いなわしろこはん
424	犬飼	いぬかい
425	犬川	いぬかわ
426	伊野	いの
427	井野	いの
428	伊納	いのう
429	居能	いのう
430	猪谷	いのたに
431	井原市	いばらいち
432	茨木	いばらき
433	茨目	いばらめ
434	伊比井	いびい
435	指宿	いぶすき
436	動橋	いぶりはし
437	今井	いまい
438	今泉	いまいずみ
439	今市	いまいち
440	今川	いまがわ
441	今宿	いまじゅく
442	今庄	いまじょう
443	今津	いまづ
444	今治	いまばり
445	今別	いまべつ
446	今宮	いまみや
447	今山	いまやま
448	伊万里	いまり
449	揖屋	いや
450	祖谷口	いやぐち
451	伊予出石	いよいずし
452	伊予石城	いよいわき
453	伊予大洲	いよおおず
454	伊予大平	いよおおひら
455	伊予上灘	いよかみなだ
456	伊予亀岡	いよかめおか
457	伊予小松	いよこまつ
458	伊予西条	いよさいじょう
459	伊予桜井	いよさくらい
460	伊予寒川	いよさんがわ
461	伊予市	いよし
462	伊予白滝	いよしらたき
463	伊予立川	いよたちかわ
464	伊予富田	いよとみた
465	伊予土居	いよどい
466	伊予中山	いよなかやま
467	伊予長浜	いよながはま
468	伊予氷見	いよひみ
469	伊予平野	いよひらの
470	伊予北条	いよほうじょう
471	伊予三島	いよみしま
472	伊予宮野下	いよみやのした
473	伊予三芳	いよみよし
474	伊予横田	いよよこた
475	伊予吉田	いよよしだ
476	伊予和気	いよわけ
477	五十川	いらがわ
478	伊里	いり
479	入明	いりあけ
480	(指)入野	いりの
481	入広瀬	いりひろせ
482	入谷	いりや
483	入山瀬	いりやませ
484	岩原スキー場前	いわっぱらすきー
485	岩井	いわい
486	いわき	いわき
487	磐城浅川	いわきあさかわ
488	磐城石井	いわきいしい
489	磐城石川	いわきいしかわ
490	磐城太田	いわきおおた
491	磐城棚倉	いわきたなくら
492	磐城常葉	いわきときわ
493	磐城塙	いわきはなわ
494	岩城みなと	いわきみなと
495	磐城守山	いわきもりやま
496	岩切	いわきり
497	岩国	いわくに
498	岩倉	いわくら
499	岩沢	いわさわ
500	岩島	いわしま
501	岩代	いわしろ
502	岩宿	いわじゅく
503	岩瀬	いわせ
504	岩田	いわた
505	磐田	いわた
506	岩館	いわだて
507	岩手飯岡	いわていいおか
508	岩手上郷	いわてかみごう
509	いわて沼宮内	いわてぬまくない
510	岩手二日町	いわてふつかまち
511	岩手船越	いわてふなこし
512	岩出	いわで
513	岩出山	いわでやま
514	岩波	いわなみ
515	岩沼	いわぬま
516	巌根	いわね
517	岩根橋	いわねばし
518	岩ノ下	いわのした
519	岩鼻	いわはな
520	岩舟	いわふね
521	岩船町	いわふねまち
522	岩間	いわま
523	岩松	いわまつ
524	岩美	いわみ
525	岩見沢	いわみざわ
526	石見津田	いわみつだ
527	石見福光	いわみふくみつ
528	石見横田	いわみよこた
529	岩村田	いわむらだ
530	岩室	いわむろ
531	岩本	いわもと
532	岩屋	いわや
533	岩山	いわやま
534	院内	いんない
535	院庄	いんのしょう
536	伊部	いんべ
537	ウェスパ椿山	うぇすぱつばき
538	植木	うえき
539	上田	うえだ
540	植田	うえだ
541	植苗	うえなえ
542	上野	うえの
543	上野芝	うえのしば
544	上野原	うえのはら
545	植松	うえまつ
546	植村	うえむら
547	魚住	うおずみ
548	魚沼田中	うおぬまたなか
549	魚沼中条	うおぬまなかじょ
550	鵜飼	うかい
551	宇賀本郷	うかほんごう
552	うきは	うきは
553	浮間舟渡	うきまふなど
554	宇久井	うくい
555	鶯谷	うぐいすだに
556	鶯野	うぐいすの
557	鶯巣	うぐす
558	有家	うげ
559	羽後飯塚	うごいいづか
560	羽後岩谷	うごいわや
561	羽後牛島	うごうしじま
562	羽後亀田	うごかめだ
563	羽後境	うごさかい
564	羽後長野	うごながの
565	羽後本荘	うごほんじょう
566	羽後四ツ屋	うごよつや
567	宇佐	うさ
568	宇佐美	うさみ
569	牛ヶ原	うしがはら
570	牛久	うしく
571	牛久保	うしくぼ
572	牛津	うしづ
573	牛島	うしのしま
574	牛ノ谷	うしのや
575	牛浜	うしはま
576	後潟	うしろがた
577	宇治	うじ
578	氏家	うじいえ
579	有珠	うす
580	宇宿	うすき
581	臼杵	うすき
582	鵜杉	うすぎ
583	臼田	うすだ
584	太秦	うずまさ
585	羽前大山	うぜんおおやま
586	羽前金沢	うぜんかねざわ
587	羽前小松	うぜんこまつ
588	羽前前波	うぜんぜんなみ
589	羽前高松	うぜんたかまつ
590	羽前千歳	うぜんちとせ
591	羽前椿	うぜんつばき
592	羽前豊里	うぜんとよさと
593	羽前中山	うぜんなかやま
594	羽前長崎	うぜんながさき
595	羽前沼沢	うぜんぬまざわ
596	羽前松岡	うぜんまつおか
597	羽前水沢	うぜんみずさわ
598	羽前山辺	うぜんやまべ
599	宇田郷	うたごう
600	歌津	うたつ
601	宇多津	うたづ
602	歌内	うたない
603	内海	うちうみ
604	内ヶ巻	うちがまき
605	内子	うちこ
606	内郷	うちごう
607	打田	うちた
608	内名	うちな
609	内野	うちの
610	内之田	うちのだ
611	内野西が丘	うちのにしがおか
612	内牧	うちのまき
613	内原	うちはら
614	打井川	うついがわ
615	現川	うつつがわ
616	宇都宮	うつのみや
617	内船	うつぶな
618	打保	うつぼ
619	宇土	うと
620	鵜苫	うとま
621	鵜殿	うどの
622	鵜沼	うぬま
623	有年	うね
624	畝傍	うねび
625	宇野	うの
626	宇野気	うのけ
627	宇島	うのしま
628	鵜住居	うのすまい
629	卯之町	うのまち
630	祖母島	うばしま
631	姥堂	うばどう
632	鵜原	うばら
633	宇部	うべ
634	宇部新川	うべしんかわ
635	宇部岬	うべみさき
636	馬堀	うまほり
637	宇美	うみ
638	海芝浦	うみしばうら
639	海尻	うみじり
640	海ノ口	うみのくち
641	海ノ中道	うみのなかみち
642	梅ヶ沢	うめがさわ
643	梅ヶ谷	うめがだに
644	梅ヶ峠	うめがとう
645	梅迫	うめざこ
646	敬川	うやがわ
647	浦臼	うらうす
648	浦上	うらかみ
649	浦河	うらかわ
650	浦川	うらかわ
651	浦佐	うらさ
652	浦宿	うらしゅく
653	浦田	うらた
654	浦幌	うらほろ
655	浦安	うらやす
656	浦和	うらわ
657	瓜連	うりづら
658	漆山	うるしやま
659	宇和島	うわじま
660	運動公園	うんどうこうえん
661	越中国分	えっちゅうこくぶ
662	越中島	えっちゅうじま
663	越中中川	えっちゅうなかが
664	越中八尾	えっちゅうやつお
665	越中山田	えっちゅうやまだ
666	頴娃	えい
667	頴娃大川	えいおおかわ
668	永和	えいわ
669	江川崎	えかわさき
670	駅家	えきや
671	江口	えぐち
672	江崎	えさき
673	江島	えじま
674	江住	えすみ
675	江田	えだ
676	枝川	えだがわ
677	枝光	えだみつ
678	越後赤塚	えちごあかつか
679	越後石山	えちごいしやま
680	越後岩沢	えちごいわさわ
681	越後岩塚	えちごいわつか
682	越後大島	えちごおおしま
683	越後片貝	えちごかたかい
684	越後金丸	えちごかなまる
685	越後川口	えちごかわぐち
686	越後寒川	えちごかんがわ
687	越後鹿渡	えちごしかわたり
688	越後下関	えちごしもせき
689	越後須原	えちごすはら
690	越後曽根	えちごそね
691	越後滝谷	えちごたきや
692	越後田沢	えちごたざわ
693	越後田中	えちごたなか
694	越後中里	えちごなかざと
695	越後早川	えちごはやかわ
696	越後広瀬	えちごひろせ
697	越後広田	えちごひろた
698	越後堀之内	えちごほりのうち
699	越後水沢	えちごみずさわ
700	越後湯沢	えちごゆざわ
701	越前大野	えちぜんおおの
702	越前大宮	えちぜんおおみや
703	越前下山	えちぜんしもやま
704	越前高田	えちぜんたかだ
705	越前田野	えちぜんたの
706	越前東郷	えちぜんとうご
707	越前富田	えちぜんとみだ
708	越前花堂	えちぜんはなんと
709	越前薬師	えちぜんやくし
710	江釣子	えづりこ
711	恵那	えな
712	恵庭	えにわ
713	榎戸	えのきど
714	江原	えばら
715	江尾	えび
716	海老江	えびえ
717	恵比島	えびしま
718	恵比寿	えびす
719	海老津	えびつ
720	海老名	えびな
721	えびの	えびの
722	えびの飯野	えびのいいの
723	えびの上江	えびのうわえ
724	絵笛	えふえ
725	江部乙	えべおつ
726	江別	えべつ
727	江見	えみ
728	恵良	えら
729	襟野々	えりのの
730	遠軽	えんがる
731	円行寺口	えんぎょうじく
732	塩山	えんざん
733	円町	えんまち
734	乙川	おっかわ
735	笈川	おいかわ
736	置賜	おいたま
737	追良瀬	おいらせ
738	(奥)追分	おいわけ
739	(室)追分	おいわけ
740	相可	おうか
741	扇田	おうぎた
742	扇町	おうぎまち
743	王子保	おうしお
744	王子	おうじ
745	王寺	おうじ
746	網田	おうだ
747	相知	おうち
748	黄檗	おうばく
749	近江今津	おうみいまづ
750	青海川	おうみがわ
751	近江塩津	おうみしおつ
752	近江高島	おうみたかしま
753	近江中庄	おうみなかしょう
754	近江長岡	おうみながおか
755	近江八幡	おうみはちまん
756	近江舞子	おうみまいこ
757	青梅	おうめ
758	小江	おえ
759	麻植塚	おえづか
760	大麻	おおあさ
761	大網	おおあみ
762	大石田	おおいしだ
763	大磯	おおいそ
764	大分	おおいた
765	大分大学前	おおいただいが
766	太市	おおいち
767	大井町	おおいまち
768	大岩	おおいわ
769	大内	おおうち
770	大内山	おおうちやま
771	大浦	おおうら
772	大岡	おおおか
773	大釜	おおかま
774	大狩部	おおかりべ
775	大川	おおかわ
776	大川平	おおかわだい
777	大河内	おおかわち
778	大川野	おおかわの
779	(関)大河原	おおかわら
780	大神	おおが
781	大垣	おおがき
782	大形	おおがた
783	大金	おおがね
784	(北)大河原	おおがわら
785	大岸	おおきし
786	大久喜	おおくき
787	大草	おおくさ
788	(奥)大久保	おおくぼ
789	(中)大久保	おおくぼ
790	(陽)大久保	おおくぼ
791	逢隈	おおくま
792	大桑	おおくわ
793	大口	おおぐち
794	大越	おおごえ
795	大阪	おおさか
796	大阪城北詰	おおさかじょうき
797	大阪城公園	おおさかじょうこ
798	大阪天満宮	おおさかてんまんく
799	大崎	おおさき
800	(奥)大沢	おおさわ
801	(上)大沢	おおさわ
802	大在	おおざい
803	大篠津町	おおしのづちょう
804	大白川	おおしらかわ
805	大蛇	おおじゃ
806	大杉	おおすぎ
807	大住	おおすみ
808	大隅大川原	おおすみおおかわら
809	大隅夏井	おおすみなつい
810	大隅横川	おおすみよこがわ
811	大曽根浦	おおそねうら
812	大曽根	おおぞね
813	大嵐	おおぞれ
814	大滝	おおたき
815	大滝温泉	おおたきおんせん
816	大田切	おおたぎり
817	大田口	おおたぐち
818	大竹	おおたけ
819	大谷	おおたに
820	太田部	おおたべ
821	大平	おおだい
822	大高	おおだか
823	大田市	おおだし
824	大館	おおだて
825	大多羅	おおだら
826	大津	おおつ
827	大塚	おおつか
828	大月	おおつき
829	大津京	おおつきょう
830	大津港	おおつこう
831	大槌	おおつち
832	大鶴	おおつる
833	大戸	おおと
834	大歳	おおとし
835	大鳥羽	おおとば
836	鳳	おおとり
837	大堂津	おおどうつ
838	大戸瀬	おおどせ
839	大泊	おおどまり
840	大富	おおどみ
841	大土呂	おおどろ
842	大中山	おおなかやま
843	大西	おおにし
844	大貫	おおぬき
845	大沼	おおぬま
846	大沼公園	おおぬまこうえん
847	大野	おおの
848	大野浦	おおのうら
849	多ノ郷	おおのごう
850	大野下	おおのしも
851	大野城	おおのじょう
852	大乗	おおのり
853	大原	おおはら
854	大畠	おおばたけ
855	大張野	おおばりの
856	大平下	おおひらした
857	大船	おおふな
858	大船渡	おおふなと
859	大船渡魚市場前	おおふなとうおいち
860	大府	おおぶ
861	大更	おおぶけ
862	大堀	おおほり
863	大歩危	おおぼけ
864	大間	おおま
865	大前	おおまえ
866	大曲	おおまがり
867	大間越	おおまごし
868	(可)大町	おおまち
869	(佐)大町	おおまち
870	大海	おおみ
871	大甕	おおみか
872	大湊	おおみなと
873	大宮	おおみや
874	大牟田	おおむた
875	大村	おおむら
876	大元	おおもと
877	大森	おおもり
878	大谷海岸	おおやかいがん
879	大山	おおやま
880	大和田	おおわだ
881	大鰐温泉	おおわにおんせん
882	岡崎	おかざき
883	御徒町	おかちまち
884	岡花	おかばな
885	岡部	おかべ
886	岡見	おかみ
887	岡本	おかもと
888	岡谷	おかや
889	岡山	おかやま
890	男鹿	おが
891	緒方	おがた
892	緒川	おがわ
893	小川	おがわ
894	小川郷	おがわごう
895	小川町	おがわまち
896	興津	おきつ
897	翁島	おきなしま
898	小城	おぎ
899	荻川	おぎかわ
900	荻窪	おぎくぼ
901	小木津	おぎつ
902	荻野	おぎの
903	小木ノ城	おぎのじょう
904	荻伏	おぎふし
905	尾久	おく
906	邑久	おく
907	奥多摩	おくたま
908	奥津軽いまべつ	おくつがるいまへ
909	奥洞海	おくどうかい
910	奥内	おくない
911	奥新川	おくにっかわ
912	小串郷	おぐしごう
913	小国	おぐに
914	桶川	おけがわ
915	大畑	おこば
916	越生	おごせ
917	おごと温泉	おごとおんせん
918	刑部	おさかべ
919	筬島	おさしま
920	長都	おさつ
921	於札内	おさつない
922	長船	おさふね
923	長部	おさべ
924	納内	おさむない
925	小作	おざく
926	長万部	おしゃまんべ
927	小塩江	おしおえ
928	押切	おしきり
929	小島	おしま
930	渡島砂原	おしまさわら
931	渡島沼尻	おしまぬまじり
932	尾白内	おしろない
933	小島谷	おじまや
934	晩生内	おそきない
935	大楽毛	おたのしけ
936	小田林	おたばやし
937	小樽	おたる
938	小樽築港	おたるちっこう
939	小田	おだ
940	小高	おだか
941	小田原	おだわら
942	御茶ノ水	おちゃのみず
943	落合	おちあい
944	落合川	おちあいがわ
945	落居	おちい
946	落石	おちいし
947	小千谷	おぢや
948	小月	おづき
949	音威子府	おといねっぷ
950	尾頭橋	おとうばし
951	落部	おとしべ
952	乙女	おとめ
953	小友	おとも
954	女川	おながわ
955	鬼瀬	おにがせ
956	鬼塚	おにづか
957	小奴可	おぬか
958	(湖)小野	おの
959	(中)小野	おの
960	雄信内	おのっぷない
961	小野上	おのがみ
962	小野上温泉	おのがみおんせん
963	小野田	おのだ
964	小野田港	おのだこう
965	小野新町	おのにいまち
966	尾登	おのぼり
967	小野町	おのまち
968	尾道	おのみち
969	小野屋	おのや
970	姨捨	おばすて
971	小波瀬西工大前	おばせにしこうた
972	小浜	おばま
973	小原	おばら
974	飫肥	おび
975	帯織	おびおり
976	小櫃	おびつ
977	帯解	おびとけ
978	帯広	おびひろ
979	於福	おふく
980	尾幌	おぼろ
981	小俣	おまた
982	小見川	おみがわ
983	小村神社前	おむらじんじゃ
984	思川	おもいがわ
985	面白山高原	おもしろやまこうけ
986	小山	おやま
987	小山田	おやまだ
988	折生迫	おりゅうざこ
989	折居	おりい
990	折尾	おりお
991	織笠	おりかさ
992	折壁	おりかべ
993	折原	おりはら
994	折渡	おりわたり
995	オレンジタウン	おれんじたうん
996	尾鷲	おわせ
997	尾張一宮	おわりいちのみや
998	尾張森岡	おわりもりおか
999	遠賀川	おんががわ
1000	御宿	おんじゅく
1001	恩根内	おんねない
1002	音別	おんべつ
1003	甲斐岩間	かいいわま
1004	甲斐上野	かいうえの
1005	甲斐大泉	かいおおいずみ
1006	甲斐大島	かいおおしま
1007	海岸寺	かいがんじ
1008	甲斐小泉	かいこいずみ
1009	海崎	かいざき
1010	海路	かいじ
1011	甲斐住吉	かいすみよし
1012	海瀬	かいぜ
1013	海田市	かいたいち
1014	貝田	かいだ
1015	甲斐常葉	かいときわ
1016	海南	かいなん
1017	(福)柏原	かいばら
1018	海浜幕張	かいひんまくはり
1019	海部	かいふ
1020	開聞	かいもん
1021	甲斐大和	かいやまと
1022	替佐	かえさ
1023	掛澗	かかりま
1024	加賀温泉	かがおんせん
1025	加賀笠間	かがかさま
1026	香登	かがと
1027	鏡石	かがみいし
1028	各務ヶ原	かがみがはら
1029	嘉川	かがわ
1030	香川	かがわ
1031	柿ヶ島	かきがしま
1032	柿崎	かきざき
1033	柿平	かきだいら
1034	賀来	かく
1035	角館	かくのだて
1036	角茂谷	かくもだに
1037	香久山	かぐやま
1038	神楽岡	かぐらおか
1039	掛川	かけがわ
1040	佳景山	かけやま
1041	影野	かげの
1042	加古川	かこがわ
1043	鹿児島	かごしま
1044	鹿児島中央	かごしまちゅうお
1045	籠原	かごはら
1046	葛西臨海公園	かさいりんかいこう
1047	笠岡	かさおか
1048	笠置	かさぎ
1049	笠島	かさしま
1050	笠寺	かさでら
1051	加佐登	かさど
1052	笠幡	かさはた
1053	笠間	かさま
1054	風早	かざはや
1055	香椎	かしい
1056	香椎神宮	かしいじんぐう
1057	香芝	かしば
1058	加島	かしま
1059	鹿島	かしま
1060	鹿島ｻｯｶｰｽﾀｼﾞｱﾑ	かしまさっかーすた
1061	鹿島神宮	かしまじんぐう
1062	鹿島田	かしまだ
1063	鹿島台	かしまだい
1064	柏	かしわ
1065	柏木平	かしわぎだいら
1066	柏崎	かしわざき
1067	(東)柏原	かしわばら
1068	(関)柏原	かしわら
1069	加治	かじ
1070	鰍沢口	かじかざわぐ
1071	加治木	かじき
1072	梶栗郷台地	かじくりごうた
1073	梶田	かじた
1074	春日	かすが
1075	春日井	かすがい
1076	春日居町	かすがいちょう
1077	香住	かすみ
1078	上総一ノ宮	かずさいちのみや
1079	上総興津	かずさおきつ
1080	上総亀山	かずさかめやま
1081	上総清川	かずさきよかわ
1082	上総松丘	かずさまつおか
1083	上総湊	かずさみなと
1084	笠田	かせだ
1085	風合瀬	かそせ
1086	賀田	かた
1087	片岡	かたおか
1088	片倉	かたくら
1089	堅田	かたた
1090	片浜	かたはま
1091	潟町	かたまち
1092	勝川	かちがわ
1093	勝浦	かつうら
1094	勝田	かつた
1095	勝沼ぶどう郷	かつぬまぶどう
1096	勝野	かつの
1097	勝間	かつま
1098	勝間田	かつまだ
1099	(東)桂川	かつらがわ
1100	桂台	かつらだい
1101	桂根	かつらね
1102	鹿角花輪	かづのはなわ
1103	鹿妻	かづま
1104	加斗	かと
1105	香取	かとり
1106	鹿渡	かど
1107	門川	かどがわ
1108	門沢橋	かどさわばし
1109	門島	かどしま
1110	角の浜	かどのはま
1111	勝原	かどはら
1112	門松	かどまつ
1113	金石原	かないしはら
1114	鼎	かなえ
1115	金川	かながわ
1116	金沢	かなざわ
1117	金島	かなしま
1118	金塚	かなづか
1119	金橋	かなはし
1120	金町	かなまち
1121	要田	かなめた
1122	金谷	かなや
1123	金谷川	かなやがわ
1124	金谷沢	かなやさわ
1125	(根)金山	かなやま
1126	(中)金山	かなやま
1127	可児	かに
1128	蟹江	かにえ
1129	蟹田	かにた
1130	鹿沼	かぬま
1131	金ヶ崎	かねがさき
1132	金子	かねこ
1133	金浜	かねはま
1134	金丸	かねまる
1135	金手	かねんて
1136	加納	かのう
1137	鹿瀬	かのせ
1138	鹿又	かのまた
1139	加布里	かふり
1140	加太	かぶと
1141	兜沼	かぶとぬま
1142	可部	かべ
1143	河辺	かべ
1144	釜石	かまいし
1145	鎌倉	かまくら
1146	蒲須坂	かますさか
1147	鎌瀬	かませ
1148	蒲田	かまた
1149	鎌手	かまて
1150	鎌取	かまとり
1151	釜戸	かまど
1152	釜淵	かまぶち
1153	加美	かみ
1154	上芦別	かみあしべつ
1155	上麻生	かみあそう
1156	上有住	かみありす
1157	上有田	かみありた
1158	上飯島	かみいいじま
1159	上伊集院	かみいじゅういん
1160	上市場	かみいちば
1161	上今井	かみいまい
1162	上伊万里	かみいまり
1163	上石見	かみいわみ
1164	上臼杵	かみうすき
1165	上宇和	かみうわ
1166	上大井	かみおおい
1167	上岡	かみおか
1168	上小川	かみおがわ
1169	上尾幌	かみおぼろ
1170	上嘉川	かみかがわ
1171	上片桐	かみかたぎり
1172	上川	かみかわ
1173	上川口	かみかわぐち
1174	上川立	かみかわたち
1175	上熊本	かみくまもと
1176	上桑名川	かみくわながわ
1177	上狛	かみこま
1178	上郷	かみごう
1179	上郡	かみごおり
1180	上境	かみさかい
1181	上鹿折	かみししおり
1182	神城	かみしろ
1183	上条	かみじょう
1184	上菅谷	かみすがや
1185	神杉	かみすぎ
1186	上菅	かみすげ
1187	上諏訪	かみすわ
1188	上戸手	かみとで
1189	上中	かみなか
1190	上中里	かみなかざと
1191	上野幌	かみのっぽろ
1192	上ノ庄	かみのしょう
1193	上野尻	かみのじり
1194	上の町	かみのちょう
1195	上野目	かみのめ
1196	かみのやま温泉	かみのやまおんせん
1197	上浜	かみはま
1198	上深川	かみふかわ
1199	上二田	かみふただ
1200	上富良野	かみふらの
1201	上穂波	かみほなみ
1202	上幌延	かみほろのべ
1203	上幌向	かみほろむい
1204	上三緒	かみみお
1205	上溝	かみみぞ
1206	上三田	かみみた
1207	神村学園前	かみむらがくえん
1208	上牧	かみもく
1209	上盛岡	かみもりおか
1210	上八木	かみやぎ
1211	上夜久野	かみやくの
1212	神山	かみやま
1213	上山口	かみやまぐち
1214	上湯沢	かみゆざわ
1215	上米内	かみよない
1216	上涌谷	かみわくや
1217	冠着	かむりき
1218	亀有	かめあり
1219	亀戸	かめいど
1220	亀岡	かめおか
1221	亀川	かめがわ
1222	亀崎	かめざき
1223	亀田	かめだ
1224	亀嵩	かめだけ
1225	亀甲	かめのこう
1226	亀山	かめやま
1227	(関)加茂	かも
1228	(信)加茂	かも
1229	鴨居	かもい
1230	鴨方	かもがた
1231	鴨川	かもがわ
1232	加茂郷	かもごう
1233	鴨島	かもじま
1234	加茂中	かもなか
1235	鴨宮	かものみや
1236	茅沼	かやぬま
1237	唐笠	からかさ
1238	唐崎	からさき
1239	烏山	からすやま
1240	唐津	からつ
1241	狩生	かりう
1242	狩川	かりかわ
1243	刈谷	かりや
1244	刈羽	かりわ
1245	刈和野	かりわの
1246	軽井沢	かるいざわ
1247	狩留家	かるが
1248	かるが浜	かるがはま
1249	嘉例川	かれいがわ
1250	河合	かわい
1251	川井	かわい
1252	河合西	かわいにし
1253	(山)川内	かわうち
1254	川岸	かわぎし
1255	川口	かわぐち
1256	河毛	かわけ
1257	川桁	かわげた
1258	川越	かわごえ
1259	河佐	かわさ
1260	川崎	かわさき
1261	河崎口	かわさきぐち
1262	川崎新町小田栄	かわさきしんまち
1263	川島	かわしま
1264	川尻	かわしり
1265	川路	かわじ
1266	河瀬	かわせ
1267	川添	かわぞえ
1268	川田	かわた
1269	川棚	かわたな
1270	川棚温泉	かわたなおんせん
1271	川渡温泉	かわたびおんせん
1272	河内磐船	かわちいわふね
1273	河内堅上	かわちかたかみ
1274	川中島	かわなかじま
1275	川西	かわにし
1276	川西池田	かわにしいけだ
1277	河曲	かわの
1278	川之江	かわのえ
1279	河原	かわはら
1280	川端	かわばた
1281	川東	かわひがし
1282	川部	かわべ
1283	川辺沖	かわべおき
1284	川前	かわまえ
1285	川南	かわみなみ
1286	川湯温泉	かわゆおんせん
1287	香春	かわら
1288	川原石	かわらいし
1289	河原田	かわらだ
1290	川原湯温泉	かわらゆおんせん
1291	観音寺	かんおんじ
1292	関西空港	かんさいくうこう
1293	神埼	かんざき
1294	神前	かんざき
1295	苅田	かんだ
1296	神田	かんだ
1297	神立	かんだつ
1298	関内	かんない
1299	神辺	かんなべ
1300	函南	かんなみ
1301	神野	かんの
1302	蒲原	かんばら
1303	神俣	かんまた
1304	歓遊舎ひこさん	かんゆうしゃひこさ
1305	ガーラ湯沢	がーらゆざわ
1306	学	がく
1307	学田	がくでん
1308	勝木	がつぎ
1309	蒲郡	がまごおり
1310	雁ノ巣	がんのす
1311	九産大前	きゅうさんだいま
1312	九州工大前	きゅうしゅうこうた
1313	球泉洞	きゅうせんどう
1314	九大学研都市	きゅうだいがっ
1315	久宝寺	きゅうほうじ
1316	厳木	きゅうらぎ
1317	教育大前	きょういくだいま
1318	教会前	きょうかいまえ
1319	京ヶ瀬	きょうがせ
1320	京口	きょうぐち
1321	京田辺	きょうたなべ
1322	京都	きょうと
1323	京橋	きょうばし
1324	京終	きょうばて
1325	京町温泉	きょうまちおんせん
1326	共和	きょうわ
1327	紀伊	きい
1328	紀伊有田	きいありた
1329	紀伊井田	きいいだ
1330	紀伊市木	きいいちぎ
1331	紀伊内原	きいうちはら
1332	紀伊浦神	きいうらがみ
1333	紀伊小倉	きいおぐら
1334	紀伊勝浦	きいかつうら
1335	紀伊佐野	きいさの
1336	紀伊新庄	きいしんじょう
1337	紀伊田辺	きいたなべ
1338	紀伊田原	きいたはら
1339	紀伊天満	きいてんま
1340	紀伊富田	きいとんだ
1341	紀伊中ノ島	きいなかのしま
1342	紀伊長島	きいながしま
1343	紀伊長田	きいながた
1344	紀伊日置	きいひき
1345	紀伊姫	きいひめ
1346	紀伊宮原	きいみやはら
1347	紀伊山田	きいやまだ
1348	紀伊由良	きいゆら
1349	喜入	きいれ
1350	木下	きおろし
1351	木岐	きき
1352	桔梗	ききょう
1353	喜々津	ききつ
1354	菊川	きくがわ
1355	喜久田	きくた
1356	菊名	きくな
1357	菊間	きくま
1358	木古内	きこない
1359	吉舎	きさ
1360	象潟	きさかた
1361	木更津	きさらづ
1362	岸辺	きしべ
1363	岸本	きしもと
1364	木次	きすき
1365	衣摺加美北	きずりかみきた
1366	奇跡の一本松	きせきのいっぽん
1367	木曽川	きそがわ
1368	木曽平沢	きそひらさわ
1369	木曽福島	きそふくしま
1370	北赤羽	きたあかばね
1371	北上尾	きたあげお
1372	北朝霞	きたあさか
1373	北余目	きたあまるめ
1374	北飯山	きたいいやま
1375	北伊丹	きたいたみ
1376	北一已	きたいちやん
1377	北伊予	きたいよ
1378	北宇智	きたうち
1379	北浦	きたうら
1380	北浦和	きたうらわ
1381	北宇和島	きたうわじま
1382	北大石田	きたおおいしだ
1383	北大野	きたおおの
1384	北大曲	きたおおまがり
1385	北大町	きたおおまち
1386	北小谷	きたおたり
1387	北柏	きたかしわ
1388	喜多方	きたかた
1389	北金岡	きたかなおか
1390	北金ヶ沢	きたかねがさわ
1391	北鎌倉	きたかまくら
1392	北上	きたかみ
1393	北方	きたがた
1394	北川	きたがわ
1395	北河内	きたがわち
1396	北剣淵	きたけんぶち
1397	北鴻巣	きたこうのす
1398	北小金	きたこがね
1399	北小松	きたこまつ
1400	北郷	きたごう
1401	北五泉	きたごせん
1402	北鯖江	きたさばえ
1403	北三条	きたさんじょう
1404	北信太	きたしのだ
1405	北白川	きたしらかわ
1406	北新地	きたしんち
1407	北条	きたじょう
1408	北千住	きたせんじゅ
1409	北仙台	きたせんだい
1410	北高崎	きたたかさき
1411	木太町	きたちょう
1412	北秩父別	きたちっぷべつ
1413	北茅ヶ崎	きたちがさき
1414	北常盤	きたときわ
1415	北戸田	きたとだ
1416	北殿	きたとの
1417	北中込	きたなかごみ
1418	北長岡	きたながおか
1419	北長瀬	きたながせ
1420	北永野田	きたながのだ
1421	北永山	きたながやま
1422	喜多灘	きたなだ
1423	北能代	きたのしろ
1424	北野辺地	きたのへじ
1425	北延岡	きたのべおか
1426	北八王子	きたはちおうじ
1427	北浜	きたはま
1428	北日ノ出	きたひので
1429	北広島	きたひろしま
1430	北美瑛	きたびえい
1431	北比布	きたぴっぷ
1432	北藤岡	きたふじおか
1433	北府中	きたふちゅう
1434	北舟岡	きたふなおか
1435	北細野	きたほその
1436	北堀之内	きたほりのうち
1437	北俣	きたまた
1438	北松戸	きたまつど
1439	北松本	きたまつもと
1440	北見	きたみ
1441	北本	きたもと
1442	北森	きたもり
1443	喜多山	きたやま
1444	北山	きたやま
1445	北山形	きたやまがた
1446	北山田	きたやまだ
1447	北吉田	きたよしだ
1448	北吉原	きたよしはら
1449	北与野	きたよの
1450	吉祥寺	きちじょうじ
1451	杵築	きつき
1452	木津	きづ
1453	木造	きづくり
1454	木戸	きど
1455	城戸南蔵院前	きどなんぞうい
1456	鬼無	きなし
1457	衣笠	きぬがさ
1458	城崎温泉	きのさきおんせん
1459	木ノ下	きのした
1460	来宮	きのみや
1461	木ノ本	きのもと
1462	木野山	きのやま
1463	木花	きばな
1464	吉備津	きびつ
1465	貴生川	きぶかわ
1466	来待	きまち
1467	木見	きみ
1468	紀三井寺	きみいでら
1469	君津	きみつ
1470	基山	きやま
1471	気山	きやま
1472	木与	きよ
1473	清川	きよかわ
1474	清里	きよさと
1475	清里町	きよさとちょう
1476	清洲	きよす
1477	清武	きよたけ
1478	清音	きよね
1479	清畠	きよはた
1480	桐生	きりゅう
1481	切石	きりいし
1482	吉里吉里	きりきり
1483	霧島温泉	きりしまおんせん
1484	霧島神宮	きりしまじんぐ
1485	桐原	きりはら
1486	切目	きりめ
1487	岐波	きわ
1488	紀和	きわ
1489	黄波戸	きわど
1490	錦江	きんこう
1491	錦糸町	きんしちょう
1492	金野	きんの
1493	欽明路	きんめいじ
1494	行田	ぎょうだ
1495	祇園	ぎおん
1496	岐阜	ぎふ
1497	岐阜羽島	ぎふはしま
1498	銀山	ぎんざん
1499	銀水	ぎんすい
1500	倶知安	くっちゃん
1501	空港第２ビル	くうこうだいにひ
1502	玖珂	くが
1503	久喜	くき
1504	九鬼	くき
1505	久々野	くぐの
1506	久々原	くぐはら
1507	久下村	くげむら
1508	草江	くさえ
1509	日下	くさか
1510	草津	くさつ
1511	草薙	くさなぎ
1512	(常)草野	くさの
1513	(福)草野	くさの
1514	朽網	くさみ
1515	区界	くざかい
1516	串	くし
1517	櫛ケ浜	くしがはま
1518	串木野	くしきの
1519	串間	くしま
1520	串本	くしもと
1521	久代	くしろ
1522	釧路	くしろ
1523	釧路湿原	くしろしつげん
1524	久慈	くじ
1525	久地	くじ
1526	鯨波	くじらなみ
1527	葛岡	くずおか
1528	久住	くずみ
1529	九頭竜湖	くずりゅうこ
1530	久世	くせ
1531	久谷	くたに
1532	久田野	くたの
1533	(陽)下松	くだまつ
1534	久手	くて
1535	久那土	くなど
1536	国定	くにさだ
1537	国立	くにたち
1538	国英	くにふさ
1539	国見	くにみ
1540	玖波	くば
1541	頸城大野	くびきおおの
1542	窪川	くぼかわ
1543	久保田	くぼた
1544	熊ヶ根	くまがね
1545	熊谷	くまがや
1546	熊川	くまがわ
1547	熊崎	くまさき
1548	熊取	くまとり
1549	熊野市	くまのし
1550	隈之城	くまのじょう
1551	熊本	くまもと
1552	熊山	くまやま
1553	玖村	くむら
1554	久米田	くめだ
1555	蔵内	くらうち
1556	倉賀野	くらがの
1557	倉敷	くらしき
1558	鞍手	くらて
1559	倉橋	くらはし
1560	倉見	くらみ
1561	倉本	くらもと
1562	蔵本	くらもと
1563	倉吉	くらよし
1564	栗丘	くりおか
1565	倶利伽羅	くりから
1566	くりこま高原	くりこまこうげん
1567	栗沢	くりさわ
1568	栗野	くりの
1569	栗橋	くりはし
1570	久里浜	くりはま
1571	栗山	くりやま
1572	久留米	くるめ
1573	久留米高校前	くるめこうこうまえ
1574	久留米大学前	くるめだいがく
1575	久留里	くるり
1576	呉	くれ
1577	呉ポートピア	くれぽーとぴあ
1578	(信)黒井	くろい
1579	(福)黒井	くろい
1580	黒磯	くろいそ
1581	黒井村	くろいむら
1582	黒岩	くろいわ
1583	九郎原	くろうばる
1584	黒江	くろえ
1585	黒川	くろかわ
1586	黒坂	くろさか
1587	黒崎	くろさき
1588	黒沢	くろさわ
1589	黒田庄	くろだしょう
1590	黒田原	くろだはら
1591	黒部宇奈月温泉	くろべうなづき
1592	黒松	くろまつ
1593	黒松内	くろまつない
1594	黒山	くろやま
1595	桑川	くわがわ
1596	桑名	くわな
1597	桑名川	くわながわ
1598	桑野	くわの
1599	国縫	くんぬい
1600	求名	ぐみょう
1601	群馬大津	ぐんまおおつ
1602	群馬総社	ぐんまそうじゃ
1603	群馬原町	ぐんまはらまち
1604	群馬藤岡	ぐんまふじおか
1605	群馬八幡	ぐんまやわた
1606	(筑)桂川	けいせん
1607	毛賀	けが
1608	気仙沼	けせんぬま
1609	花原市	けばらいち
1610	検見川浜	けみがわはま
1611	けやき台	けやきだい
1612	剣淵	けんぶち
1613	猊鼻渓	げいびけい
1614	下条	げじょう
1615	下馬	げば
1616	下呂	げろ
1617	原生花園	げんせいかえん
1618	源道寺	げんどうじ
1619	玄武洞	げんぶどう
1620	特牛	こっとい
1621	鯉川	こいかわ
1622	小井川	こいかわ
1623	小泉	こいずみ
1624	小出	こいで
1625	小岩	こいわ
1626	小岩井	こいわい
1627	小岩川	こいわがわ
1628	(徳)府中	こう
1629	高円寺	こうえんじ
1630	甲賀	こうか
1631	香西	こうざい
1632	幸崎	こうざき
1633	光珠内	こうしゅない
1634	甲子園口	こうしえんぐち
1635	神志山	こうしやま
1636	(陽)神代	こうじろ
1637	甲西	こうせい
1638	高蔵寺	こうぞうじ
1639	甲立	こうたち
1640	(長)高田	こうだ
1641	幸田	こうだ
1642	河内	こうち
1643	高知	こうち
1644	小内海	こうちうみ
1645	高知商業前	こうちしょうぎょ
1646	国府津	こうづ
1647	上月	こうづき
1648	河戸帆待川	こうどほまちが
1649	江南	こうなん
1650	甲南	こうなん
1651	港南台	こうなんだい
1652	甲南山手	こうなんやまて
1653	甲奴	こうぬ
1654	鴻池新田	こうのいけしんで
1655	高野川	こうのかわ
1656	鴻巣	こうのす
1657	鴻野山	こうのやま
1658	甲府	こうふ
1659	神戸	こうべ
1660	好摩	こうま
1661	小海	こうみ
1662	神目	こうめ
1663	高野口	こうやぐち
1664	光洋台	こうようだい
1665	香呂	こうろ
1666	郡家	こおげ
1667	桑折	こおり
1668	郡元	こおりもと
1669	(関)郡山	こおりやま
1670	(北)郡山	こおりやま
1671	郡山富田	こおりやまとみた
1672	粉河	こかわ
1673	古河	こが
1674	古賀	こが
1675	黄金	こがね
1676	小金井	こがねい
1677	小金沢	こがねざわ
1678	国道	こくどう
1679	国府	こくふ
1680	国府多賀城	こくふたがじょ
1681	(讃)国分	こくぶ
1682	(豊)国分	こくぶ
1683	国分寺	こくぶんじ
1684	国母	こくぼ
1685	小倉	こくら
1686	小串	こぐし
1687	古虎渓	ここけい
1688	九重	ここのえ
1689	小牛田	こごた
1690	小砂川	こさがわ
1691	小佐野	こさの
1692	古座	こざ
1693	小坂井	こざかい
1694	小沢	こざわ
1695	越ヶ浜	こしがはま
1696	越谷ﾚｲｸﾀｳﾝ	こしがやれいくた
1697	越水	こしみず
1698	虎杖浜	こじょうはま
1699	児島	こじま
1700	越河	こすごう
1701	小滝	こたき
1702	小竹	こたけ
1703	児玉	こだま
1704	小机	こづくえ
1705	小鶴新田	こづるしんでん
1706	厚東	ことう
1707	琴芝	ことしば
1708	琴似	ことに
1709	琴平	ことひら
1710	子供の国	こどものくに
1711	小中野	こなかの
1712	小長井	こながい
1713	小梨	こなし
1714	金浦	このうら
1715	木葉	このは
1716	木幡	こはた
1717	小波渡	こばと
1718	小塙	こばな
1719	(吉)小林	こばやし
1720	(成)小林	こばやし
1721	小針	こばり
1722	木場茶屋	こばんちゃや
1723	古井	こび
1724	古淵	こぶち
1725	小淵沢	こぶちざわ
1726	湖北	こほく
1727	小歩危	こぼけ
1728	小幌	こぼろ
1729	小舞子	こまいこ
1730	駒形	こまがた
1731	駒ヶ岳	こまがたけ
1732	駒ヶ根	こまがね
1733	駒ヶ嶺	こまがみね
1734	高麗川	こまがわ
1735	駒込	こまごめ
1736	小町屋	こまちや
1737	小松	こまつ
1738	小松川	こまつかわ
1739	駒鳴	こまなき
1740	古見	こみ
1741	小宮	こみや
1742	小森江	こもりえ
1743	小諸	こもろ
1744	小屋浦	こやうら
1745	小屋の畑	こやのはた
1746	湖山	こやま
1747	古里	こり
1748	小和清水	こわしょうず
1749	小和田	こわだ
1750	金光	こんこう
1751	金蔵寺	こんぞうじ
1752	金比羅前	こんぴらまえ
1753	昆布	こんぶ
1754	昆布盛	こんぶもり
1755	五井	ごい
1756	碁石海岸口	ごいしかいがん
1757	五位野	ごいの
1758	豪渓	ごうけい
1759	郷沢	ごうさわ
1760	江津	ごうつ
1761	郷戸	ごうど
1762	郷原	ごうばら
1763	後閑	ごかん
1764	後三年	ごさんねん
1765	五所川原	ごしょがわら
1766	五条	ごじょう
1767	御所	ごせ
1768	五泉	ごせん
1769	五反田	ごたんだ
1770	後台	ごだい
1771	御着	ごちゃく
1772	御殿場	ごてんば
1773	後藤	ごとう
1774	五百川	ごひゃくがわ
1775	御坊	ごぼう
1776	胡麻	ごま
1777	後免	ごめん
1778	御領	ごりょう
1779	五稜郭	ごりょうかく
1780	五郎	ごろう
1781	権現前	ごんげんまえ
1782	咲来	さっくる
1783	札弦	さっつる
1784	札的	さってき
1785	札比内	さっぴない
1786	札幌	さっぽろ
1787	ｻｯﾎﾟﾛﾋﾞｰﾙ庭園	さっぽろびーる
1788	犀潟	さいがた
1789	西金	さいがね
1790	佐伯	さいき
1791	(陽)西条	さいじょう
1792	さいたま新都心	さいたましんとしん
1793	西大寺	さいだいじ
1794	最知	さいち
1795	西戸崎	さいとざき
1796	採銅所	さいどうしょ
1797	坂	さか
1798	堺市	さかいし
1799	堺田	さかいだ
1800	坂出	さかいで
1801	境港	さかいみなと
1802	酒折	さかおり
1803	坂上	さかかみ
1804	坂北	さかきた
1805	坂下	さかした
1806	坂田	さかた
1807	酒田	さかた
1808	酒殿	さかど
1809	坂根	さかね
1810	坂ノ市	さかのいち
1811	坂之上	さかのうえ
1812	坂祝	さかほぎ
1813	坂町	さかまち
1814	坂元	さかもと
1815	坂本	さかもと
1816	盛	さかり
1817	佐川	さかわ
1818	佐賀	さが
1819	嵯峨嵐山	さがあらしやま
1820	寒河江	さがえ
1821	相模金子	さがみかねこ
1822	相模湖	さがみこ
1823	相模原	さがみはら
1824	咲花	さきはな
1825	崎守	さきもり
1826	佐久	さく
1827	佐久海ノ口	さくうみのくち
1828	佐久平	さくだいら
1829	作並	さくなみ
1830	佐久広瀬	さくひろせ
1831	佐久間	さくま
1832	佐倉	さくら
1833	桜井	さくらい
1834	桜岡	さくらおか
1835	桜木町	さくらぎちょう
1836	さくら夙川	さくらしゅくがわ
1837	桜島	さくらじま
1838	桜ノ宮	さくらのみや
1839	桜町	さくらまち
1840	さくらんぼ東根	さくらんぼひが
1841	佐古	さこ
1842	坂越	さこし
1843	砂越	さごし
1844	笹川	ささがわ
1845	佐々木	ささき
1846	笹木野	ささきの
1847	篠栗	ささぐり
1848	笹子	ささご
1849	笹津	ささづ
1850	笹原	ささばる
1851	篠山口	ささやまぐち
1852	佐志生	さしう
1853	指扇	さしおうぎ
1854	刺巻	さしまき
1855	佐世保	させぼ
1856	貞光	さだみつ
1857	佐津	さつ
1858	さつき野	さつきの
1859	札内	さつない
1860	薩摩板敷	さつまいたしき
1861	薩摩今和泉	さつまいまいずみ
1862	薩摩川尻	さつまかわしり
1863	薩摩塩屋	さつましおや
1864	薩摩松元	さつままつもと
1865	里庄	さとしょう
1866	里白石	さとしらいし
1867	佐土原	さどわら
1868	佐奈	さな
1869	佐那具	さなぐ
1870	佐貫	さぬき
1871	讃岐相生	さぬきあいおい
1872	讃岐財田	さぬきさいだ
1873	讃岐塩屋	さぬきしおや
1874	讃岐白鳥	さぬきしろとり
1875	讃岐津田	さぬきつだ
1876	讃岐府中	さぬきふちゅう
1877	佐貫町	さぬきまち
1878	讃岐牟礼	さぬきむれ
1879	佐野	さの
1880	鯖江	さばえ
1881	鯖瀬	さばせ
1882	様似	さまに
1883	寒川	さむかわ
1884	侍浜	さむらいはま
1885	鮫	さめ
1886	醒ヶ井	さめがい
1887	佐用	さよ
1888	佐良山	さらやま
1889	佐里	さり
1890	猿田	さるだ
1891	猿橋	さるはし
1892	猿和田	さるわだ
1893	佐和	さわ
1894	沢	さわ
1895	沢井	さわい
1896	沢尻	さわじり
1897	沢田	さわだ
1898	沢目	さわめ
1899	佐原	さわら
1900	沢渡	さわんど
1901	三ヶ根	さんがね
1902	(関)三郷	さんごう
1903	三条	さんじょう
1904	三瀬	さんぜ
1905	三田	さんだ
1906	三ノ宮	さんのみや
1907	三本松	さんぼんまつ
1908	三本松口	さんぼんまつぐ
1909	三見	さんみ
1910	三里木	さんりぎ
1911	財光寺	ざいこうじ
1912	蔵王	ざおう
1913	尺別	しゃくべつ
1914	社家	しゃけ
1915	社台	しゃだい
1916	宿河原	しゅくがわら
1917	宿戸	しゅくのへ
1918	将軍山	しょうぐんざん
1919	勝瑞	しょうずい
1920	生田	しょうでん
1921	庄内	しょうない
1922	荘原	しょうばら
1923	生山	しょうやま
1924	昭和	しょうわ
1925	昭和町	しょうわちょう
1926	庶路	しょろ
1927	尻手	しって
1928	志井	しい
1929	志井公園	しいこうえん
1930	椎柴	しいしば
1931	椎田	しいだ
1932	塩入	しおいり
1933	塩狩	しおかり
1934	塩川	しおかわ
1935	塩釜	しおがま
1936	塩崎	しおざき
1937	塩沢	しおざわ
1938	塩尻	しおじり
1939	四方津	しおつ
1940	塩之沢	しおのさわ
1941	塩町	しおまち
1942	汐見	しおみ
1943	潮見	しおみ
1944	塩屋	しおや
1945	塩谷	しおや
1946	鹿討	しかうち
1947	鹿家	しかか
1948	鹿ノ谷	しかのたに
1949	鹿部	しかべ
1950	然別	しかりべつ
1951	志賀	しが
1952	志紀	しき
1953	敷島	しきしま
1954	敷戸	しきど
1955	敷浪	しきなみ
1956	鴫野	しぎの
1957	重岡	しげおか
1958	繁藤	しげとう
1959	重富	しげとみ
1960	重安	しげやす
1961	鹿折唐桑	ししおりからくわ
1962	宍戸	ししど
1963	ししぶ	ししぶ
1964	四条畷	しじょうなわて
1965	酒々井	しすい
1966	静	しず
1967	静岡	しずおか
1968	静狩	しずかり
1969	雫石	しずくいし
1970	静内	しずない
1971	清水浜	しずはま
1972	静間	しずま
1973	志都美	しずみ
1974	下ノ江	したのえ
1975	七軒茶屋	しちけんぢゃや
1976	七戸十和田	しちのへとわだ
1977	志津川	しづがわ
1978	志津川中央団地	しづがわちゅう
1979	為栗	してぐり
1980	志度	しど
1981	品井沼	しないぬま
1982	品川	しながわ
1983	信濃浅野	しなのあさの
1984	信濃大町	しなのおおまち
1985	信濃川上	しなのかわかみ
1986	信濃川島	しなのかわしま
1987	信濃木崎	しなのきざき
1988	信濃境	しなのさかい
1989	信濃白鳥	しなのしらとり
1990	信濃平	しなのたいら
1991	信濃常盤	しなのときわ
1992	信濃町	しなのまち
1993	信濃松川	しなのまつかわ
1994	信濃森上	しなのもりうえ
1995	信太山	しのだやま
1996	篠ノ井	しののい
1997	篠原	しのはら
1998	忍ヶ丘	しのぶがおか
1999	篠目	しのめ
2000	篠路	しのろ
2001	芝川	しばかわ
2002	柴宿	しばじゅく
2003	新発田	しばた
2004	柴橋	しばはし
2005	柴平	しばひら
2006	柴山	しばやま
2007	渋川	しぶかわ
2008	渋木	しぶき
2009	志布志	しぶし
2010	渋谷	しぶや
2011	志文	しぶん
2012	標茶	しべちゃ
2013	士別	しべつ
2014	島内	しまうち
2015	島尾	しまお
2016	島ヶ原	しまがはら
2017	(陽)島田	しまた
2018	島高松	しまたかまつ
2019	(東)島田	しまだ
2020	島松	しままつ
2021	島本	しまもと
2022	清水	しみず
2023	冷水浦	しみずうら
2024	清水沢	しみずさわ
2025	清水原	しみずはら
2026	占冠	しむかっぷ
2027	下麻生	しもあそう
2028	下井阪	しもいさか
2029	下市	しもいち
2030	下市田	しもいちだ
2031	下総神崎	しもうさこうざき
2032	下総橘	しもうさたちばな
2033	下総豊里	しもうさとよさと
2034	下総中山	しもうさなかやま
2035	下総松崎	しもうさまんざき
2036	下浦	しもうら
2037	下宇和	しもうわ
2038	下小川	しもおがわ
2039	下金山	しもかなやま
2040	下鴨生	しもかもお
2041	下川合	しもかわい
2042	下川沿	しもかわぞい
2043	下川辺	しもかわべ
2044	下北	しもきた
2045	下祇園	しもぎおん
2046	下切	しもぎり
2047	下久野	しもくの
2048	下府	しもこう
2049	下狛	しもこま
2050	下郡	しもごおり
2051	下里	しもさと
2052	下士別	しもしべつ
2053	下地	しもじ
2054	下島	しもじま
2055	下菅谷	しもすがや
2056	下諏訪	しもすわ
2057	下曽我	しもそが
2058	下曽根	しもそね
2059	下滝	しもたき
2060	下平	しもだいら
2061	下館	しもだて
2062	下津	しもつ
2063	下野大沢	しもつけおおさわ
2064	下野花岡	しもつけはなおか
2065	下徳富	しもとっぷ
2066	下土狩	しもとがり
2067	下灘	しもなだ
2068	下沼	しもぬま
2069	下庄	しものしょう
2070	下関	しものせき
2071	下野宮	しものみや
2072	下浜	しもはま
2073	下兵庫	しもひょうご
2074	下深川	しもふかわ
2075	下船渡	しもふなと
2076	下部温泉	しもべおんせん
2077	下北条	しもほうじょう
2078	(阪)下松	しもまつ
2079	下溝	しもみぞ
2080	下夜久野	しもやくの
2081	下山	しもやま
2082	下山門	しもやまと
2083	下山村	しもやまむら
2084	下油井	しもゆい
2085	下唯野	しもゆいの
2086	下湯沢	しもゆざわ
2087	下和知	しもわち
2088	白市	しらいち
2089	白老	しらおい
2090	白岡	しらおか
2091	白神岳登山口	しらかみだけとさ
2092	白河	しらかわ
2093	白川口	しらかわぐち
2094	白木山	しらきやま
2095	白坂	しらさか
2096	(奥)白沢	しらさわ
2097	(指)白沢	しらさわ
2098	白滝	しらたき
2099	白糠	しらぬか
2100	白浜	しらはま
2101	知床斜里	しれとこしゃり
2102	(函)白石	しろいし
2103	(肥)白石	しろいし
2104	(北)白石	しろいし
2105	白石蔵王	しろいしざおう
2106	四郎ヶ原	しろうがはら
2107	白銀	しろがね
2108	城西	しろにし
2109	白丸	しろまる
2110	志和口	しわぐち
2111	志和地	しわち
2112	紫波中央	しわちゅうおう
2113	新青森	しんあおもり
2114	新秋津	しんあきつ
2115	新旭	しんあさひ
2116	新旭川	しんあさひかわ
2117	新飯塚	しんいいづか
2118	新市	しんいち
2119	新井口	しんいのくち
2120	新今宮	しんいまみや
2121	新岩国	しんいわくに
2122	新浦安	しんうらやす
2123	新大久保	しんおおくぼ
2124	新大阪	しんおおさか
2125	新大牟田	しんおおむた
2126	新大楽毛	しんおたのしけ
2127	新尾道	しんおのみち
2128	新加美	しんかみ
2129	新川	しんかわ
2130	新川崎	しんかわさき
2131	新蒲原	しんかんばら
2132	新改	しんがい
2133	鍼灸大学前	しんきゅうだいか
2134	新木場	しんきば
2135	新倉敷	しんくらしき
2136	新宮	しんぐう
2137	新宮中央	しんぐうちゅうお
2138	新検見川	しんけみがわ
2139	新家	しんげ
2140	新小岩	しんこいわ
2141	新神戸	しんこうべ
2142	新小平	しんこだいら
2143	新琴似	しんことに
2144	新子安	しんこやす
2145	新札幌	しんさっぽろ
2146	新三田	しんさんだ
2147	新芝浦	しんしばうら
2148	新下関	しんしものせき
2149	新白岡	しんしらおか
2150	新白河	しんしらかわ
2151	新城	しんしろ
2152	宍道	しんじ
2153	新宿	しんじゅく
2154	新庄	しんじょう
2155	新所原	しんじょはら
2156	新水前寺	しんすいぜんじ
2157	新杉田	しんすぎた
2158	新関	しんせき
2159	新高岡	しんたかおか
2160	新玉名	しんたまな
2161	新地	しんち
2162	新千歳空港	しんちとせくうこう
2163	(奈)新田	しんでん
2164	新田原	しんでんばる
2165	新得	しんとく
2166	新鳥栖	しんとす
2167	新十津川	しんとつかわ
2168	新堂	しんどう
2169	新長田	しんながた
2170	新習志野	しんならしの
2171	新南陽	しんなんよう
2172	新入	しんにゅう
2173	新西脇	しんにしわき
2174	新日本橋	しんにほんばし
2175	新白島	しんはくしま
2176	新函館北斗	しんはこだてほく
2177	新花巻	しんはなまき
2178	新橋	しんばし
2179	新原	しんばる
2180	新疋田	しんひきだ
2181	新平野	しんひらの
2182	新広	しんひろ
2183	新福島	しんふくしま
2184	(根)新富士	しんふじ
2185	(東)新富士	しんふじ
2186	新府	しんぷ
2187	新前橋	しんまえばし
2188	新町	しんまち
2189	新松戸	しんまつど
2190	新三郷	しんみさと
2191	新水俣	しんみなまた
2192	新茂原	しんもばら
2193	新守山	しんもりやま
2194	新八代	しんやつしろ
2195	新八柱	しんやはしら
2196	新山口	しんやまぐち
2197	新夕張	しんゆうばり
2198	新横浜	しんよこはま
2199	新吉野	しんよしの
2200	新利府	しんりふ
2201	森林公園	しんりんこうえん
2202	ＪＲ小倉	じぇいあーるおく
2203	ＪＲ河内永和	じぇいあーるかわ
2204	ＪＲ五位堂	じぇいあーるご
2205	ＪＲ俊徳道	じぇいあーるしゅ
2206	ＪＲ総持寺	じぇいあーるそう
2207	ＪＲ長瀬	じぇいあーるなか
2208	ＪＲ難波	じぇいあーるなん
2209	ＪＲ藤森	じぇいあーるふし
2210	ＪＲ三山木	じぇいあーるみや
2211	十王	じゅうおう
2212	十条	じゅうじょう
2213	十二兼	じゅうにかね
2214	十二橋	じゅうにきょう
2215	十二湖	じゅうにこ
2216	十二所	じゅうにしょ
2217	十文字	じゅうもんじ
2218	常永	じょうえい
2219	上越国際スキー	じょうえつこくさ
2220	上越妙高	じょうえつみょう
2221	上下	じょうげ
2222	上下浜	じょうげはま
2223	上戸	じょうこ
2224	定光寺	じょうこうじ
2225	(陽)上道	じょうとう
2226	城野	じょうの
2227	城端	じょうはな
2228	上毛高原	じょうもうこうけ
2229	城陽	じょうよう
2230	上呂	じょうろ
2231	寺家	じけ
2232	慈眼寺	じげんじ
2233	地蔵橋	じぞうばし
2234	自治医大	じちいだい
2235	地福	じふく
2236	神宮寺	じんぐうじ
2237	(田沢)神代	じんだい
2238	陣原	じんのはる
2239	陣場	じんば
2240	神保原	じんぼはら
2241	神町	じんまち
2242	神領	じんりょう
2243	水郷	すいごう
2244	水前寺	すいぜんじ
2245	吹田	すいた
2246	水道橋	すいどうばし
2247	水原	すいばら
2248	須恵	すえ
2249	須恵中央	すえちゅうおう
2250	末続	すえつぎ
2251	末恒	すえつね
2252	末広	すえひろ
2253	周防久保	すおうくぼ
2254	周防佐山	すおうさやま
2255	周防下郷	すおうしもごう
2256	周防高森	すおうたかもり
2257	周防花岡	すおうはなおか
2258	須賀川	すかがわ
2259	菅尾	すがお
2260	巣鴨	すがも
2261	菅谷	すがや
2262	杉河内	すぎかわち
2263	杉崎	すぎさき
2264	杉田	すぎた
2265	杉原	すぎはら
2266	杉本町	すぎもとちょう
2267	須佐	すさ
2268	須崎	すさき
2269	周参見	すさみ
2270	雀田	すずめだ
2271	雀宮	すずめのみや
2272	すずらんの里	すずらんのさと
2273	周船寺	すせんじ
2274	裾野	すその
2275	隅田	すだ
2276	砂川	すながわ
2277	須波	すなみ
2278	須原	すはら
2279	周布	すふ
2280	スペｰスワｰルド	すぺーすわーると
2281	須磨	すま
2282	須磨海浜公園	すまかいひんこうえ
2283	住道	すみのどう
2284	(三)住吉	すみよし
2285	(東)住吉	すみよし
2286	摺沢	すりさわ
2287	駿河小山	するがおやま
2288	諏訪	すわ
2289	逗子	ずし
2290	摂津富田	せっつとんだ
2291	摂津本山	せっつもとやま
2292	節婦	せっぷ
2293	勢浜	せいはま
2294	関	せき
2295	関ヶ原	せきがはら
2296	関川	せきがわ
2297	関都	せきと
2298	関根	せきね
2299	関ノ宮	せきのみや
2300	関屋	せきや
2301	瀬々串	せせくし
2302	(東)瀬田	せた
2303	(豊肥)瀬田	せた
2304	瀬高	せたか
2305	瀬戸	せと
2306	瀬戸石	せといし
2307	瀬戸瀬	せとせ
2308	瀬野	せの
2309	妹尾	せのお
2310	洗馬	せば
2311	瀬辺地	せへじ
2312	瀬見温泉	せみおんせん
2313	瀬峰	せみね
2314	仙崎	せんざき
2315	千丈	せんじょう
2316	千畳敷	せんじょうじき
2317	千旦	せんだ
2318	(鹿)川内	せんだい
2319	仙台	せんだい
2320	千駄ヶ谷	せんだがや
2321	千丁	せんちょう
2322	千徳	せんとく
2323	仙北町	せんぼくちょう
2324	千本	せんぼん
2325	千厩	せんまや
2326	千里丘	せんりおか
2327	膳所	ぜぜ
2328	銭函	ぜにばこ
2329	善光寺	ぜんこうじ
2330	禅昌寺	ぜんしょうじ
2331	善通寺	ぜんつうじ
2332	善導寺	ぜんどうじ
2333	桑園	そうえん
2334	寒河	そうご
2335	総社	そうじゃ
2336	崇城大学前	そうじょうだい
2337	宗太郎	そうたろう
2338	相武台下	そうぶだいした
2339	相馬	そうま
2340	添田	そえだ
2341	蘇我	そが
2342	磯鶏	そけい
2343	曽山寺	そさんじ
2344	袖ヶ浦	そでがうら
2345	袖崎	そでさき
2346	曽根	そね
2347	彼杵	そのぎ
2348	園部	そのべ
2349	蘇原	そはら
2350	曽波神	そばのかみ
2351	造田	ぞうだ
2352	大正	たいしょう
2353	太子堂	たいしどう
2354	太地	たいじ
2355	大成	たいせい
2356	太東	たいとう
2357	田井ノ瀬	たいのせ
2358	田井ノ浜	たいのはま
2359	太平	たいへい
2360	平館	たいらだて
2361	田浦	たうら
2362	高	たか
2363	高井田	たかいだ
2364	高井田中央	たかいだちゅうお
2365	高岩	たかいわ
2366	高尾	たかお
2367	高岡	たかおか
2368	鷹狩	たかがり
2369	高儀	たかぎ
2370	高木	たかぎ
2371	高城町	たかぎまち
2372	高久	たかく
2373	高崎	たかさき
2374	高崎新田	たかさきしんでん
2375	高崎問屋町	たかさきとんやまち
2376	高砂	たかさご
2377	高島	たかしま
2378	高城	たかじょう
2379	(讃)高瀬	たかせ
2380	(仙山)高瀬	たかせ
2381	高田高校前	たかたこうこうまえ
2382	高田病院	たかたびょういん
2383	高擶	たかたま
2384	(和)高田	たかだ
2385	高田馬場	たかだのばば
2386	高茶屋	たかちゃや
2387	高津	たかつ
2388	高塚	たかつか
2389	高月	たかつき
2390	高槻	たかつき
2391	高遠原	たかとおばら
2392	鷹取	たかとり
2393	高鍋	たかなべ
2394	高野	たかの
2395	鷹ノ巣	たかのす
2396	高萩	たかはぎ
2397	高橋	たかはし
2398	高畠	たかはた
2399	高浜	たかはま
2400	高原	たかはる
2401	(讃)高松	たかまつ
2402	(七)高松	たかまつ
2403	高松町	たかまつちょう
2404	高水	たかみず
2405	高光	たかみつ
2406	高屋	たかや
2407	高山	たかやま
2408	宝塚	たからづか
2409	財部	たからべ
2410	多賀城	たがじょう
2411	田上	たがみ
2412	田川伊田	たがわいた
2413	田川後藤寺	たがわごとうし
2414	(烏)滝	たき
2415	(加)滝	たき
2416	多気	たき
2417	滝尾	たきお
2418	滝川	たきかわ
2419	滝野	たきの
2420	滝ノ上	たきのうえ
2421	滝ノ間	たきのま
2422	多喜浜	たきはま
2423	滝原	たきはら
2424	滝部	たきべ
2425	滝水	たきみず
2426	滝谷	たきや
2427	田儀	たぎ
2428	田切	たぎり
2429	多久	たく
2430	拓北	たくほく
2431	詫間	たくま
2432	竹浦	たけうら
2433	武雄温泉	たけおおんせん
2434	竹岡	たけおか
2435	竹駒	たけこま
2436	竹沢	たけざわ
2437	竹下	たけした
2438	竹田	たけだ
2439	武田尾	たけだお
2440	武豊	たけとよ
2441	竹中	たけなか
2442	武並	たけなみ
2443	竹野	たけの
2444	竹原	たけはら
2445	武生	たけふ
2446	建部	たけべ
2447	竹松	たけまつ
2448	田子	たこ
2449	田沢	たざわ
2450	田沢湖	たざわこ
2451	田代	たしろ
2452	丹治部	たじべ
2453	多治見	たじみ
2454	田尻	たじり
2455	田立	ただち
2456	忠海	ただのうみ
2457	只見	ただみ
2458	立川	たちかわ
2459	立木	たちき
2460	立小路	たちこうじ
2461	立花	たちばな
2462	立間	たちま
2463	立江	たつえ
2464	龍岡城	たつおかじょう
2465	竜田	たつた
2466	竜田口	たつたぐち
2467	辰野	たつの
2468	竜野	たつの
2469	立道	たつみち
2470	立石	たていし
2471	立川目	たてかわめ
2472	立ヶ花	たてがはな
2473	館腰	たてこし
2474	立野	たての
2475	竪堀	たてぼり
2476	館山	たてやま
2477	楯山	たてやま
2478	多度津	たどつ
2479	棚倉	たなくら
2480	田並	たなみ
2481	谷川	たにかわ
2482	谷頭	たにがしら
2483	谷之口	たにのくち
2484	谷山	たにやま
2485	田主丸	たぬしまる
2486	種市	たねいち
2487	種差海岸	たねさしかいがん
2488	田野	たの
2489	田端	たばた
2490	田畑	たばた
2491	田原坂	たばるざか
2492	田布施	たぶせ
2493	玉江	たまえ
2494	玉柏	たまがし
2495	玉川	たまがわ
2496	玉川村	たまがわむら
2497	田町	たまち
2498	玉造	たまつくり
2499	玉造温泉	たまつくりおんせん
2500	玉手	たまで
2501	玉戸	たまど
2502	玉名	たまな
2503	玉之江	たまのえ
2504	玉水	たまみず
2505	玉来	たまらい
2506	田丸	たまる
2507	田村	たむら
2508	田本	たもと
2509	田山	たやま
2510	田吉	たよし
2511	多寄	たよろ
2512	多良	たら
2513	垂井	たるい
2514	垂水	たるみ
2515	俵田	たわらだ
2516	丹荘	たんしょう
2517	誕生寺	たんじょうじ
2518	端野	たんの
2519	丹波大山	たんばおおやま
2520	丹波口	たんばぐち
2521	丹波竹田	たんばたけだ
2522	大安寺	だいあんじ
2523	大行司	だいぎょうじ
2524	醍醐	だいご
2525	大釈迦	だいしゃか
2526	大聖寺	だいしょうじ
2527	大山口	だいせんぐち
2528	大塔	だいとう
2529	大道	だいどう
2530	大入	だいにゅう
2531	大門	だいもん
2532	駄科	だしな
2533	伊達	だて
2534	伊達紋別	だてもんべつ
2535	段	だん
2536	茶臼山	ちゃうすやま
2537	茶志内	ちゃしない
2538	茶内	ちゃない
2539	茶屋町	ちゃやまち
2540	中郡	ちゅうぐん
2541	中国勝山	ちゅうごくかつや
2542	(牟)中田	ちゅうでん
2543	中部天竜	ちゅうぶてんりゅ
2544	帖佐	ちょうさ
2545	銚子	ちょうし
2546	銚子口	ちょうしぐち
2547	長者原	ちょうじゃばる
2548	長者町	ちょうじゃまち
2549	長府	ちょうふ
2550	長門峡	ちょうもんきょう
2551	直別	ちょくべつ
2552	秩父別	ちっぷべつ
2553	智恵文	ちえぶん
2554	近川	ちかがわ
2555	近田	ちかた
2556	近津	ちかつ
2557	近永	ちかなが
2558	近文	ちかぶみ
2559	茅ヶ崎	ちがさき
2560	筑後大石	ちくごおおいし
2561	筑後草野	ちくごくさの
2562	筑後船小屋	ちくごふなごや
2563	筑後吉井	ちくごよしい
2564	千種	ちくさ
2565	筑前岩屋	ちくぜんいわや
2566	筑前植木	ちくぜんうえき
2567	筑前内野	ちくぜんうちの
2568	筑前庄内	ちくぜんしょうな
2569	筑前大分	ちくぜんだいふ
2570	筑前垣生	ちくぜんはぶ
2571	筑前深江	ちくぜんふかえ
2572	筑前前原	ちくぜんまえば
2573	筑前山家	ちくぜんやまえ
2574	筑前山手	ちくぜんやまて
2575	千国	ちくに
2576	千倉	ちくら
2577	千里	ちさと
2578	千路	ちじ
2579	智頭	ちず
2580	(千)千歳	ちとせ
2581	(房)千歳	ちとせ
2582	千鳥	ちどり
2583	茅野	ちの
2584	千早	ちはや
2585	千葉	ちば
2586	千葉みなと	ちばみなと
2587	智北	ちほく
2588	千代	ちよ
2589	千代川	ちよかわ
2590	千代ヶ岡	ちよがおか
2591	知来乙	ちらいおつ
2592	知和	ちわ
2593	千綿	ちわた
2594	津	つ
2595	築城	ついき
2596	塚口	つかぐち
2597	塚目	つかのめ
2598	塚本	つかもと
2599	塚山	つかやま
2600	都賀	つが
2601	津軽石	つがるいし
2602	津軽新城	つがるしんじょ
2603	津軽浜名	つがるはまな
2604	津軽二股	つがるふたまた
2605	津軽宮田	つがるみやた
2606	津軽湯の沢	つがるゆのさわ
2607	津川	つがわ
2608	月岡	つきおか
2609	月ヶ岡	つきがおか
2610	月ヶ瀬口	つきがせぐち
2611	月田	つきだ
2612	槻木	つきのき
2613	津久田	つくだ
2614	佃	つくだ
2615	津久野	つくの
2616	津久見	つくみ
2617	柘植	つげ
2618	津島ノ宮	つしまのみや
2619	辻	つじ
2620	辻堂	つじどう
2621	津田	つだ
2622	津田沼	つだぬま
2623	津田山	つだやま
2624	土浦	つちうら
2625	土崎	つちざき
2626	土沢	つちざわ
2627	土樽	つちたる
2628	土山	つちやま
2629	榴ヶ岡	つつじがおか
2630	通津	つづ
2631	津南	つなん
2632	常山	つねやま
2633	都農	つの
2634	津ノ井	つのい
2635	角川	つのがわ
2636	都野津	つのづ
2637	椿	つばき
2638	津幡	つばた
2639	燕	つばめ
2640	燕三条	つばめさんじょ
2641	坪井	つぼい
2642	坪尻	つぼじり
2643	妻崎	つまざき
2644	津谷	つや
2645	津山	つやま
2646	津山口	つやまぐち
2647	鶴居	つるい
2648	鶴岡	つるおか
2649	敦賀	つるが
2650	鶴ヶ丘	つるがおか
2651	鶴ヶ坂	つるがさか
2652	鶴形	つるがた
2653	鶴崎	つるさき
2654	鶴田	つるた
2655	鶴泊	つるどまり
2656	鶴沼	つるぬま
2657	鶴橋	つるはし
2658	鶴舞	つるまい
2659	鶴丸	つるまる
2660	鶴見	つるみ
2661	鶴見小野	つるみおの
2662	鶴羽	つるわ
2663	津和野	つわの
2664	手稲	ていね
2665	天塩川温泉	てしおがわおんせ
2666	天塩中川	てしおなかがわ
2667	手樽	てたる
2668	手ノ子	てのこ
2669	手原	てはら
2670	寺尾	てらお
2671	寺庄	てらしょう
2672	寺田町	てらだちょう
2673	寺泊	てらどまり
2674	寺前	てらまえ
2675	光岡	てるおか
2676	天神川	てんじんがわ
2677	天神山	てんじんやま
2678	天道	てんとう
2679	天童	てんどう
2680	天童南	てんどうみなみ
2681	天応	てんのう
2682	天王	てんのう
2683	天王寺	てんのうじ
2684	天王台	てんのうだい
2685	天拝山	てんぱいざん
2686	天満	てんま
2687	天理	てんり
2688	天竜川	てんりゅうがわ
2689	天竜峡	てんりゅうきょう
2690	天和	てんわ
2691	出戸浜	でとはま
2692	鳥取	とっとり
2693	鳥取大学前	とっとりだいが
2694	遠浅	とあさ
2695	問寒別	といかんべつ
2696	戸出	といで
2697	東雲	とううん
2698	東栄	とうえい
2699	東海	とうかい
2700	東海学園前	とうかいがくえん
2701	東金	とうがね
2702	東京	とうきょう
2703	峠	とうげ
2704	峠下	とうげした
2705	東光寺	とうこうじ
2706	東郷	とうごう
2707	東照宮	とうしょうぐう
2708	東上	とうじょう
2709	東城	とうじょう
2710	塔寺	とうでら
2711	東名	とうな
2712	東福寺	とうふくじ
2713	東部市場前	とうぶしじょう
2714	東北福祉大前	とうほくふくしだ
2715	当麻	とうま
2716	洞爺	とうや
2717	塘路	とうろ
2718	十日市場	とおかいちば
2719	十日町	とおかまち
2720	十川	とおかわ
2721	十島	とおしま
2722	遠野	とおの
2723	十弗	とおふつ
2724	遠矢	とおや
2725	十勝清水	とかちしみず
2726	斗賀野	とがの
2727	戸狩野沢温泉	とがりのざわお
2728	土岐市	ときし
2729	外城田	ときだ
2730	時又	ときまた
2731	常盤	ときわ
2732	徳庵	とくあん
2733	徳佐	とくさ
2734	徳沢	とくさわ
2735	徳島	とくしま
2736	徳田	とくだ
2737	徳満	とくみつ
2738	徳山	とくやま
2739	徳和	とくわ
2740	土気	とけ
2741	床波	とこなみ
2742	土佐穴内	とさあなない
2743	土佐一宮	とさいっく
2744	土佐岩原	とさいわはら
2745	土佐大津	とさおおつ
2746	土佐加茂	とさかも
2747	土佐北川	とさきたがわ
2748	土佐久礼	とさくれ
2749	土佐昭和	とさしょうわ
2750	土佐新荘	とさしんじょう
2751	土佐大正	とさたいしょう
2752	土佐長岡	とさながおか
2753	土佐山田	とさやまだ
2754	利別	としべつ
2755	鳥栖	とす
2756	(北)戸田	とだ
2757	戸田公園	とだこうえん
2758	戸田小浜	とだこはま
2759	栃ヶ沢公園	とちがさわこうえ
2760	栃木	とちぎ
2761	栃原	とちはら
2762	戸塚	とつか
2763	戸手	とで
2764	土々呂	ととろ
2765	驫木	とどろき
2766	砺波	となみ
2767	富木	とのき
2768	富海	とのみ
2769	鳥羽	とば
2770	戸畑	とばた
2771	都府楼南	とふろうみなみ
2772	砥堀	とほり
2773	苫小牧	とまこまい
2774	トマム	とまむ
2775	泊	とまり
2776	富合	とみあい
2777	(室)富浦	とみうら
2778	(房)富浦	とみうら
2779	富岡	とみおか
2780	富川	とみかわ
2781	(両)富田足利FP	とみたあしかがふ
2782	(関)富田	とみだ
2783	富田浜	とみだはま
2784	富根	とみね
2785	富原	とみはら
2786	十村	とむら
2787	友部	ともべ
2788	富山	とやま
2789	豊浦	とようら
2790	豊岡	とよおか
2791	豊川	とよかわ
2792	豊ヶ岡	とよがおか
2793	豊頃	とよころ
2794	豊栄	とよさか
2795	豊郷	とよさと
2796	豊科	とよしな
2797	豊清水	とよしみず
2798	豊田	とよだ
2799	豊田町	とよだちょう
2800	豊富	とよとみ
2801	豊永	とよなが
2802	豊沼	とよぬま
2803	豊野	とよの
2804	豊橋	とよはし
2805	豊浜	とよはま
2806	豊原	とよはら
2807	豊幌	とよほろ
2808	豊間根	とよまね
2809	豊実	とよみ
2810	虎姫	とらひめ
2811	東浪見	とらみ
2812	鳥居	とりい
2813	鳥形	とりがた
2814	鳥沢	とりさわ
2815	取手	とりで
2816	鳥ノ木	とりのき
2817	土呂	とろ
2818	十和田南	とわだみなみ
2819	土合	どあい
2820	土井	どい
2821	土市	どいち
2822	道後山	どうごやま
2823	同志社前	どうししゃまえ
2824	道場	どうじょう
2825	道成寺	どうじょうじ
2826	堂島	どうじま
2827	洞泉	どうせん
2828	土底浜	どそこはま
2829	土深井	どぶかい
2830	奈井江	ないえ
2831	撫牛子	ないじょうし
2832	苗穂	なえぼ
2833	直江	なおえ
2834	直江津	なおえつ
2835	直川	なおかわ
2836	直見	なおみ
2837	那加	なか
2838	中愛別	なかあいべつ
2839	中井侍	なかいさむらい
2840	中飯降	なかいぶり
2841	中浦	なかうら
2842	中浦和	なかうらわ
2843	中小国	なかおぐに
2844	中川辺	なかかわべ
2845	中神	なかがみ
2846	中萱	なかがや
2847	中川	なかがわ
2848	中込	なかごみ
2849	中小屋	なかごや
2850	中佐都	なかさと
2851	中沢	なかさわ
2852	中斜里	なかしゃり
2853	中庄	なかしょう
2854	中島	なかしま
2855	中条	なかじょう
2856	中菅谷	なかすがや
2857	(能)中田	なかた
2858	中多久	なかたく
2859	中津	なかつ
2860	中津川	なかつがわ
2861	中土	なかつち
2862	中津幡	なかつばた
2863	中豊	なかとよ
2864	中野	なかの
2865	中野栄	なかのさかえ
2866	中ノ沢	なかのさわ
2867	中野島	なかのしま
2868	中之条	なかのじょう
2869	中野東	なかのひがし
2870	中萩	なかはぎ
2871	中畑	なかはた
2872	中浜	なかはま
2873	中判田	なかはんだ
2874	中原	なかばる
2875	中深川	なかふかわ
2876	中福良	なかふくら
2877	中舟生	なかふにゅう
2878	中富良野	なかふらの
2879	中間	なかま
2880	中名	なかみょう
2881	中三田	なかみた
2882	中山	なかやま
2883	中山香	なかやまが
2884	中山口	なかやまぐち
2885	中山宿	なかやまじゅく
2886	中山平温泉	なかやまだいらお
2887	中山寺	なかやまでら
2888	長居	ながい
2889	長池	ながいけ
2890	長泉なめり	ながいずみなめ
2891	長浦	ながうら
2892	永尾	ながお
2893	長尾	ながお
2894	長岡	ながおか
2895	長岡京	ながおかきょう
2896	長坂	ながさか
2897	長崎	ながさき
2898	長里	ながさと
2899	長沢	ながさわ
2900	長篠城	ながしのじょう
2901	長島	ながしま
2902	長洲	ながす
2903	永田	ながた
2904	長滝	ながたき
2905	長津田	ながつた
2906	長門粟野	ながとあわの
2907	長門大井	ながとおおい
2908	長門市	ながとし
2909	長門長沢	ながとながさわ
2910	長門二見	ながとふたみ
2911	長門古市	ながとふるいち
2912	長門三隅	ながとみすみ
2913	長門本山	ながともとやま
2914	長門湯本	ながとゆもと
2915	長鳥	ながとり
2916	長苗代	ながなわしろ
2917	長野	ながの
2918	長野原草津口	ながのはらくさつ
2919	長浜	ながはま
2920	永原	ながはら
2921	長町	ながまち
2922	長峰	ながみね
2923	長森	ながもり
2924	永山	ながやま
2925	長山	ながやま
2926	長与	ながよ
2927	長柄	ながら
2928	流山温泉	ながれやまおんせ
2929	長和	ながわ
2930	那岐	なぎ
2931	渚	なぎさ
2932	南木曽	なぎそ
2933	名草	なぐさ
2934	勿来	なこそ
2935	那古船形	なこふなかた
2936	奈古	なご
2937	名古屋	なごや
2938	那須塩原	なすしおばら
2939	奈多	なた
2940	灘	なだ
2941	那智	なち
2942	夏井	なつい
2943	名手	なて
2944	名取	なとり
2945	七飯	ななえ
2946	七尾	ななお
2947	七久保	ななくぼ
2948	七塚	ななつか
2949	七日町	なぬかまち
2950	鍋倉	なべくら
2951	鍋島	なべしま
2952	鯰田	なまずた
2953	生瀬	なまぜ
2954	浪板海岸	なみいたかいがん
2955	浪江	なみえ
2956	浪岡	なみおか
2957	波方	なみかた
2958	並河	なみかわ
2959	波野	なみの
2960	浪花	なみはな
2961	滑河	なめがわ
2962	行川アイランド	なめがわあいらん
2963	滑津	なめづ
2964	名寄	なよろ
2965	奈良	なら
2966	奈良井	ならい
2967	那良口	ならぐち
2968	楢原	ならはら
2969	平城山	ならやま
2970	成田	なりた
2971	成田空港	なりたくうこう
2972	鳴子温泉	なるこおんせん
2973	鳴子御殿湯	なるこごてんゆ
2974	鳴沢	なるさわ
2975	成島	なるしま
2976	成瀬	なるせ
2977	鳴門	なると
2978	成東	なるとう
2979	名和	なわ
2980	南郷	なんごう
2981	南条	なんじょう
2982	壬生川	にゅうがわ
2983	(陽)入野	にゅうの
2984	日光	にっこう
2985	(宗)日進	にっしん
2986	(川)日進	にっしん
2987	(北)新田	にった
2988	日立木	にったき
2989	日暮里	にっぽり
2990	新井	にい
2991	新冠	にいかっぷ
2992	新潟	にいがた
2993	新潟大学前	にいがただいか
2994	新座	にいざ
2995	新崎	にいざき
2996	新郷	にいざと
2997	(烏)仁井田	にいた
2998	(土)仁井田	にいだ
2999	新津	にいつ
3000	新月	にいつき
3001	新鶴	にいつる
3002	(播)新野	にいの
3003	新居浜	にいはま
3004	新治	にいはり
3005	新見	にいみ
3006	新谷	にいや
3007	贄川	にえかわ
3008	仁賀保	にかほ
3009	仁方	にがた
3010	苦竹	にがたけ
3011	二月田	にがつでん
3012	仁木	にき
3013	二木島	にぎしま
3014	二軒屋	にけんや
3015	西相生	にしあいおい
3016	西明石	にしあかし
3017	西阿知	にしあち
3018	西諫早	にしいさはや
3019	西出雲	にしいずも
3020	西岩国	にしいわくに
3021	西浦上	にしうらかみ
3022	西浦和	にしうらわ
3023	西頴娃	にしえい
3024	西相知	にしおうち
3025	西麻植	にしおえ
3026	西大井	にしおおい
3027	西大分	にしおおいた
3028	西大崎	にしおおさき
3029	西大路	にしおおじ
3030	西大洲	にしおおず
3031	西大滝	にしおおたき
3032	西大宮	にしおおみや
3033	西大山	にしおおやま
3034	西岡崎	にしおかざき
3035	西荻窪	にしおぎくぼ
3036	西帯広	にしおびひろ
3037	西神楽	にしかぐら
3038	西笠田	にしかせだ
3039	西片上	にしかたかみ
3040	西勝間田	にしかつまだ
3041	西金沢	にしかなざわ
3042	西唐津	にしからつ
3043	西川口	にしかわぐち
3044	西川越	にしかわごえ
3045	西ヶ方	にしがほう
3046	西川原	にしがわら
3047	錦岡	にしきおか
3048	西北見	にしきたみ
3049	西木津	にしきづ
3050	西岐阜	にしぎふ
3051	西九条	にしくじょう
3052	西国立	にしくにたち
3053	西熊本	にしくまもと
3054	西栗栖	にしくりす
3055	西国分寺	にしこくぶんじ
3056	西小倉	にしこくら
3057	西小坂井	にしこざかい
3058	西小林	にしこばやし
3059	西御料	にしごりょう
3060	西佐川	にしさかわ
3061	西寒河江	にしさがえ
3062	西里	にしさと
3063	西様似	にしさまに
3064	西庶路	にししょろ
3065	西塩釜	にししおがま
3066	西新発田	にししばた
3067	(篠)西条	にしじょう
3068	西聖和	にしせいわ
3069	西添田	にしそえだ
3070	西高屋	にしたかや
3071	西立川	にしたちかわ
3072	西千葉	にしちば
3073	西燕	にしつばめ
3074	西敦賀	にしつるが
3075	西富山	にしとやま
3076	西中	にしなか
3077	西中通	にしなかどおり
3078	西那須野	にしなすの
3079	西日暮里	にしにっぽり
3080	西宮	にしのみや
3081	西宮名塩	にしのみやなじお
3082	西八王子	にしはちおうじ
3083	西浜田	にしはまだ
3084	西原	にしばら
3085	西人吉	にしひとよし
3086	西広島	にしひろしま
3087	西府	にしふ
3088	西富士宮	にしふじのみや
3089	西船橋	にしふなばし
3090	西古川	にしふるかわ
3091	西袋	にしぶくろ
3092	西舞鶴	にしまいづる
3093	西松井田	にしまついだ
3094	西瑞穂	にしみずほ
3095	西都城	にしみやこのじょ
3096	西三次	にしみよし
3097	西牟田	にしむた
3098	西目	にしめ
3099	西女満別	にしめまんべつ
3100	西焼津	にしやいづ
3101	西屋敷	にしやしき
3102	西山	にしやま
3103	西米沢	にしよねざわ
3104	西留辺蘂	にしるべしべ
3105	西若松	にしわかまつ
3106	西脇市	にしわきし
3107	西和田	にしわだ
3108	二条	にじょう
3109	虹ノ松原	にじのまつばら
3110	ニセコ	にせこ
3111	似内	にたない
3112	日南	にちなん
3113	日原	にちはら
3114	二戸	にのへ
3115	二宮	にのみや
3116	丹生	にぶ
3117	仁豊野	にぶの
3118	仁保	にほ
3119	仁保津	にほづ
3120	日本へそ公園	にほんへそこうえん
3121	二本松	にほんまつ
3122	仁万	にま
3123	仁山	にやま
3124	韮崎	にらさき
3125	楡原	にれはら
3126	庭坂	にわさか
3127	庭瀬	にわせ
3128	糠沢	ぬかざわ
3129	額田	ぬかだ
3130	糠南	ぬかなん
3131	温田	ぬくた
3132	生見	ぬくみ
3133	布師田	ぬのしだ
3134	布原	ぬのはら
3135	布部	ぬのべ
3136	沼久保	ぬまくぼ
3137	沼田	ぬまた
3138	沼津	ぬまづ
3139	沼ノ沢	ぬまのさわ
3140	沼ノ端	ぬまのはた
3141	熱郛	ねっぷ
3142	根雨	ねう
3143	(岸)根岸	ねぎし
3144	(只)根岸	ねぎし
3145	鼠ヶ関	ねずがせき
3146	根知	ねち
3147	根府川	ねぶかわ
3148	根室	ねむろ
3149	根本	ねもと
3150	野幌	のっぽろ
3151	能町	のうまち
3152	直方	のおがた
3153	野花南	のかなん
3154	野上原	のがみはら
3155	乃木	のぎ
3156	野木	のぎ
3157	野木沢	のぎさわ
3158	(片)野崎	のざき
3159	(北)野崎	のざき
3160	野里	のざと
3161	野沢	のざわ
3162	能代	のしろ
3163	野尻	のじり
3164	能瀬	のせ
3165	及位	のぞき
3166	野田	のだ
3167	野田生	のだおい
3168	野田新町	のだしんまち
3169	野田城	のだじょう
3170	野馳	のち
3171	能登川	のとがわ
3172	能登二宮	のとにのみや
3173	能登部	のとべ
3174	野々市	ののいち
3175	野々口	ののくち
3176	のの岳	ののだけ
3177	野蒜	のびる
3178	延方	のぶかた
3179	野辺地	のへじ
3180	延岡	のべおか
3181	野辺山	のべやま
3182	登戸	のぼりと
3183	登別	のぼりべつ
3184	能美根上	のみねあがり
3185	野矢	のや
3186	発寒	はっさむ
3187	発寒中央	はっさむちゅうおう
3188	八田	はった
3189	初田牛	はったうし
3190	八丁畷	はっちょうなわて
3191	八丁堀	はっちょうぼり
3192	服部	はっとり
3193	早岐	はいき
3194	拝島	はいじま
3195	羽犬塚	はいぬづか
3196	ハウステンボス	はうすてんぼす
3197	南風崎	はえのさき
3198	博多	はかた
3199	博多南	はかたみなみ
3200	計石	はかりいし
3201	波川	はかわ
3202	葉木	はき
3203	萩	はぎ
3204	萩生	はぎゅう
3205	萩野	はぎの
3206	羽咋	はくい
3207	白山	はくさん
3208	白馬	はくば
3209	白馬大池	はくばおおいけ
3210	柏矢町	はくやちょう
3211	柏陽	はくよう
3212	柏林台	はくりんだい
3213	羽黒	はぐろ
3214	羽黒下	はぐろした
3215	半家	はげ
3216	箱石	はこいし
3217	箱崎	はこざき
3218	函館	はこだて
3219	箱根ヶ崎	はこねがさき
3220	迫川	はざかわ
3221	波子	はし
3222	端岡	はしおか
3223	階上	はしかみ
3224	箸蔵	はしくら
3225	波止浜	はしはま
3226	(横)橋本	はしもと
3227	(和)橋本	はしもと
3228	柱野	はしらの
3229	土師	はじ
3230	蓮ヶ池	はすがいけ
3231	蓮田	はすだ
3232	長谷	はせ
3233	波多浦	はたうら
3234	波多江	はたえ
3235	八多喜	はたき
3236	畠田	はたけだ
3237	幡生	はたぶ
3238	幡屋	はたや
3239	波高島	はだかじま
3240	波田須	はだす
3241	羽立	はだち
3242	八王子	はちおうじ
3243	八王子みなみ野	はちおうじみなみ
3244	八軒	はちけん
3245	蓮	はちす
3246	八戸	はちのへ
3247	八浜	はちはま
3248	八本松	はちほんまつ
3249	八幡大橋	はちまんおおはし
3250	八幡平	はちまんたい
3251	八森	はちもり
3252	八郎潟	はちろうがた
3253	廿日市	はつかいち
3254	初狩	はつかり
3255	初島	はつしま
3256	初野	はつの
3257	鳩ノ巣	はとのす
3258	羽鳥	はとり
3259	花泉	はないずみ
3260	花園	はなぞの
3261	放出	はなてん
3262	花巻	はなまき
3263	花巻空港	はなまきくうこう
3264	羽生田	はにゅうだ
3265	波根	はね
3266	羽根尾	はねお
3267	羽ノ浦	はのうら
3268	羽場	はば
3269	埴生	はぶ
3270	浜厚真	はまあつま
3271	浜金谷	はまかなや
3272	浜川崎	はまかわさき
3273	浜小清水	はまこしみず
3274	浜河内	はまごうち
3275	浜坂	はまさか
3276	浜崎	はまさき
3277	浜田浦	はまたうら
3278	浜田	はまだ
3279	浜中	はまなか
3280	浜野	はまの
3281	浜松	はままつ
3282	浜松町	はままつちょう
3283	浜村	はまむら
3284	浜吉田	はまよしだ
3285	羽村	はむら
3286	芳養	はや
3287	早川	はやかわ
3288	早来	はやきた
3289	早口	はやぐち
3290	林	はやし
3291	林崎	はやしざき
3292	林野	はやしの
3293	早島	はやしま
3294	早瀬	はやせ
3295	早戸	はやと
3296	隼人	はやと
3297	早通	はやどおり
3298	速星	はやほし
3299	原	はら
3300	原宿	はらじゅく
3301	腹帯	はらたい
3302	原当麻	はらたいま
3303	原野	はらの
3304	原ノ町	はらのまち
3305	原水	はらみず
3306	はりま勝原	はりまかつはら
3307	播磨新宮	はりましんぐう
3308	播磨高岡	はりまたかおか
3309	播磨徳久	はりまとくさ
3310	春江	はるえ
3311	春賀	はるか
3312	春木場	はるきば
3313	春田	はるた
3314	春立	はるたち
3315	原田	はるだ
3316	原町	はるまち
3317	晴山	はるやま
3318	半田	はんだ
3319	抜海	ばっかい
3320	梅林	ばいりん
3321	博労町	ばくろうまち
3322	馬喰町	ばくろちょう
3323	馬場崎町	ばばさきちょう
3324	バルーンさが	ばるーんさが
3325	播州赤穂	ばんしゅうあこう
3326	番田	ばんだ
3327	磐梯熱海	ばんだいあたみ
3328	磐梯町	ばんだいまち
3329	板東	ばんどう
3330	日向	ひゅうが
3331	日向大束	ひゅうがおおつか
3332	日向北方	ひゅうがきたかた
3333	日向沓掛	ひゅうがくつかけ
3334	日向市	ひゅうがし
3335	日向庄内	ひゅうがしょうな
3336	日向新富	ひゅうがしんとみ
3337	日向住吉	ひゅうがすみよし
3338	日向長井	ひゅうがながい
3339	日向前田	ひゅうがまえだ
3340	表木山	ひょうきやま
3341	兵庫	ひょうご
3342	日宇	ひう
3343	緋牛内	ひうしない
3344	比延	ひえ
3345	比叡山坂本	ひえいざんさかも
3346	日岡	ひおか
3347	光	ひかり
3348	光の森	ひかりのもり
3349	東相内	ひがしあいのない
3350	東青原	ひがしあおはら
3351	東秋留	ひがしあきる
3352	東旭川	ひがしあさひかわ
3353	東我孫子	ひがしあびこ
3354	東諫早	ひがしいさはや
3355	東石黒	ひがしいしぐろ
3356	東市来	ひがしいちき
3357	東浦	ひがしうら
3358	東浦和	ひがしうらわ
3359	東青梅	ひがしおうめ
3360	東大崎	ひがしおおさき
3361	東大館	ひがしおおだて
3362	東大更	ひがしおおぶけ
3363	東大宮	ひがしおおみや
3364	東岡山	ひがしおかやま
3365	東尾道	ひがしおのみち
3366	東小浜	ひがしおばま
3367	東貝塚	ひがしかいづか
3368	東開聞	ひがしかいもん
3369	東加古川	ひがしかこがわ
3370	東柏崎	ひがしかしわざ
3371	東金井	ひがしかない
3372	東神奈川	ひがしかながわ
3373	東唐津	ひがしからつ
3374	東刈谷	ひがしかりや
3375	東川口	ひがしかわぐち
3376	東岸和田	ひがしきしわだ
3377	東清川	ひがしきよかわ
3378	東釧路	ひがしくしろ
3379	東下条	ひがしげじょ
3380	東郡家	ひがしこおげ
3381	東小金井	ひがしこがねい
3382	東小諸	ひがしこもろ
3383	東酒田	ひがしさかた
3384	東佐野	ひがしさの
3385	東三条	ひがしさんじょ
3386	東塩釜	ひがししおがま
3387	東鹿越	ひがししかごえ
3388	東静岡	ひがししずおか
3389	東静内	ひがししずない
3390	東白石	ひがししろいし
3391	東新川	ひがししんかわ
3392	東新町	ひがししんまち
3393	東十条	ひがしじゅうし
3394	東逗子	ひがしずし
3395	東仙台	ひがしせんだい
3396	東総社	ひがしそうじゃ
3397	東園	ひがしその
3398	東高崎	ひがしたかさき
3399	東滝川	ひがしたきかわ
3400	東多久	ひがしたく
3401	東田子の浦	ひがしたごのう
3402	東館	ひがしだて
3403	東町	ひがしちょう
3404	東千葉	ひがしちば
3405	東都農	ひがしつの
3406	東津山	ひがしつやま
3407	東所沢	ひがしところざ
3408	東戸塚	ひがしとつか
3409	東中神	ひがしなかがみ
3410	東中津	ひがしなかつ
3411	東中野	ひがしなかの
3412	東長沢	ひがしながさわ
3413	東長原	ひがしながはら
3414	東成岩	ひがしならわ
3415	東新潟	ひがしにいがた
3416	東新津	ひがしにいつ
3417	東根	ひがしね
3418	東根室	ひがしねむろ
3419	東寝屋川	ひがしねやがわ
3420	東能代	ひがしのしろ
3421	東野尻	ひがしのじり
3422	東萩	ひがしはぎ
3423	東羽衣	ひがしはごろも
3424	東觜崎	ひがしはしさき
3425	東八森	ひがしはちもり
3426	東花輪	ひがしはなわ
3427	東浜	ひがしはま
3428	東飯能	ひがしはんのう
3429	東姫路	ひがしひめじ
3430	東広島	ひがしひろしま
3431	東福生	ひがしふっさ
3432	東風連	ひがしふうれん
3433	東福島	ひがしふくしま
3434	東福間	ひがしふくま
3435	東福山	ひがしふくやま
3436	東船橋	ひがしふなばし
3437	東別府	ひがしべっぷ
3438	東舞鶴	ひがしまいづる
3439	東松江	ひがしまつえ
3440	東松戸	ひがしまつど
3441	東水巻	ひがしみずまき
3442	東美浜	ひがしみはま
3443	東室蘭	ひがしむろらん
3444	東森	ひがしもり
3445	東八尾	ひがしやつお
3446	東山北	ひがしやまきた
3447	東山公園	ひがしやまこうえ
3448	東山梨	ひがしやまなし
3449	東矢本	ひがしやもと
3450	東結城	ひがしゆうき
3451	東横田	ひがしよこた
3452	東淀川	ひがしよどが
3453	東六線	ひがしろくせん
3454	東鷲宮	ひがしわしのみや
3455	干潟	ひがた
3456	引治	ひきじ
3457	蟇目	ひきめ
3458	引田	ひけた
3459	彦崎	ひこさき
3460	彦山	ひこさん
3461	彦根	ひこね
3462	肥後伊倉	ひごいくら
3463	肥後大津	ひごおおづ
3464	肥後長浜	ひごながはま
3465	久ノ浜	ひさのはま
3466	日代	ひしろ
3467	日出	ひじ
3468	比地大	ひじだい
3469	聖高原	ひじりこうげん
3470	肥前旭	ひぜんあさひ
3471	肥前飯田	ひぜんいいだ
3472	肥前大浦	ひぜんおおうら
3473	肥前鹿島	ひぜんかしま
3474	肥前久保	ひぜんくぼ
3475	肥前古賀	ひぜんこが
3476	肥前白石	ひぜんしろいし
3477	肥前長田	ひぜんながた
3478	肥前長野	ひぜんながの
3479	肥前七浦	ひぜんななうら
3480	肥前浜	ひぜんはま
3481	肥前麓	ひぜんふもと
3482	肥前山口	ひぜんやまぐち
3483	肥前竜王	ひぜんりゅうおう
3484	日田	ひた
3485	日立	ひたち
3486	常陸青柳	ひたちあおやぎ
3487	常陸太田	ひたちおおた
3488	常陸大宮	ひたちおおみや
3489	常陸鴻巣	ひたちこうのす
3490	常陸多賀	ひたちたが
3491	常陸大子	ひたちだいご
3492	常陸津田	ひたちつだ
3493	ひたち野うしく	ひたちのうしく
3494	飛騨一ノ宮	ひだいちのみや
3495	飛騨小坂	ひだおさか
3496	日高東別	ひだかとうべつ
3497	飛騨金山	ひだかなやま
3498	日高幌別	ひだかほろべつ
3499	日高三石	ひだかみついし
3500	日高門別	ひだかもんべつ
3501	飛騨国府	ひだこくふ
3502	飛騨萩原	ひだはぎわら
3503	飛騨古川	ひだふるかわ
3504	飛騨細江	ひだほそえ
3505	飛騨宮田	ひだみやだ
3506	左堰	ひだりせき
3507	比津	ひつ
3508	日詰	ひづめ
3509	日出塩	ひでしお
3510	日出谷	ひでや
3511	一日市場	ひといちば
3512	人丸	ひとまる
3513	人吉	ひとよし
3514	日生	ひなせ
3515	日当山	ひなたやま
3516	日向和田	ひなたわだ
3517	日根野	ひねの
3518	日野	ひの
3519	日野春	ひのはる
3520	日登	ひのぼり
3521	比婆山	ひばやま
3522	氷見	ひみ
3523	姫	ひめ
3524	姫川	ひめかわ
3525	姫路	ひめじ
3526	ひめじ別所	ひめじべっしょ
3527	日吉	ひよし
3528	比良	ひら
3529	平井	ひらい
3530	平石	ひらいし
3531	平泉	ひらいずみ
3532	平岩	ひらいわ
3533	平岡	ひらおか
3534	平川	ひらかわ
3535	平木田	ひらきだ
3536	平岸	ひらぎし
3537	平倉	ひらくら
3538	平子	ひらこ
3539	平田	ひらた
3540	平滝	ひらたき
3541	平塚	ひらつか
3542	平津戸	ひらつと
3543	平内	ひらない
3544	平野	ひらの
3545	平林	ひらばやし
3546	比羅夫	ひらふ
3547	平間	ひらま
3548	平山	ひらやま
3549	広	ひろ
3550	広丘	ひろおか
3551	広川ビーチ	ひろかわびーち
3552	広木	ひろき
3553	弘前	ひろさき
3554	広島	ひろしま
3555	広田	ひろた
3556	広戸	ひろと
3557	(常)広野	ひろの
3558	(福)広野	ひろの
3559	広原	ひろわら
3560	日羽	ひわ
3561	日和佐	ひわさ
3562	日和田	ひわだ
3563	備中川面	びっちゅうかわも
3564	備中神代	びっちゅうこうし
3565	備中高梁	びっちゅうたかは
3566	備中高松	びっちゅうたかま
3567	備中広瀬	びっちゅうひろせ
3568	備中箕島	びっちゅうみしま
3569	美瑛	びえい
3570	美章園	びしょうえん
3571	備前一宮	びぜんいちのみ
3572	備前片岡	びぜんかたおか
3573	備前片上	びぜんかたかみ
3574	備前田井	びぜんたい
3575	備前西市	びぜんにしいち
3576	備前原	びぜんはら
3577	備前福河	びぜんふくかわ
3578	備前三門	びぜんみかど
3579	美唄	びばい
3580	美馬牛	びばうし
3581	美深	びふか
3582	美幌	びほろ
3583	美留和	びるわ
3584	枇杷島	びわじま
3585	備後赤坂	びんごあかさか
3586	備後落合	びんごおちあい
3587	備後西城	びんごさいじ
3588	備後庄原	びんごしょうは
3589	備後本庄	びんごほんじ
3590	備後三日市	びんごみっかい
3591	備後三川	びんごみかわ
3592	備後安田	びんごやすだ
3593	備後矢野	びんごやの
3594	備後八幡	びんごやわた
3595	比布	ぴっぷ
3596	福工大前	ふっこうだいまえ
3597	吹越	ふっこし
3598	福生	ふっさ
3599	風連	ふうれん
3600	深浦	ふかうら
3601	深川	ふかがわ
3602	深田	ふかた
3603	深溝	ふかみぞ
3604	深谷	ふかや
3605	吹上	ふきあげ
3606	福井	ふくい
3607	福江	ふくえ
3608	福川	ふくがわ
3609	福崎	ふくさき
3610	(環)福島	ふくしま
3611	(北)福島	ふくしま
3612	福島今町	ふくしまいままち
3613	福島高松	ふくしまたかまつ
3614	福俵	ふくたわら
3615	福田町	ふくだまち
3616	福知山	ふくちやま
3617	福野	ふくの
3618	福原	ふくはら
3619	福部	ふくべ
3620	福間	ふくま
3621	福光	ふくみつ
3622	福山	ふくやま
3623	福吉	ふくよし
3624	吹浦	ふくら
3625	袋井	ふくろい
3626	袋倉	ふくろぐら
3627	袋田	ふくろだ
3628	福渡	ふくわたり
3629	布佐	ふさ
3630	伏木	ふしき
3631	富士	ふじ
3632	藤生	ふじゅう
3633	藤井	ふじい
3634	藤枝	ふじえだ
3635	富士岡	ふじおか
3636	富士川	ふじかわ
3637	藤阪	ふじさか
3638	藤崎	ふじさき
3639	藤沢	ふじさわ
3640	藤島	ふじしま
3641	藤代	ふじしろ
3642	藤田	ふじた
3643	藤並	ふじなみ
3644	藤根	ふじね
3645	富士根	ふじね
3646	藤野	ふじの
3647	藤ノ木	ふじのき
3648	富士宮	ふじのみや
3649	富士見	ふじみ
3650	富士見町	ふじみちょう
3651	藤山	ふじやま
3652	双岩	ふたいわ
3653	二川	ふたがわ
3654	二島	ふたじま
3655	二田	ふただ
3656	二ツ井	ふたつい
3657	二塚	ふたつか
3658	二名	ふたな
3659	双葉	ふたば
3660	二股	ふたまた
3661	二俣尾	ふたまたお
3662	二俣新町	ふたまたしんまち
3663	二見浦	ふたみのうら
3664	(塩)府中	ふちゅう
3665	婦中鵜坂	ふちゅううさか
3666	府中本町	ふちゅうほんまち
3667	淵垣	ふちがき
3668	淵野辺	ふちのべ
3669	二日市	ふつかいち
3670	太海	ふとみ
3671	不動の沢	ふどうのさわ
3672	船尾	ふなお
3673	(陰)船岡	ふなおか
3674	(北)船岡	ふなおか
3675	舟形	ふながた
3676	船越	ふなこし
3677	船津	ふなつ
3678	船戸	ふなと
3679	船橋	ふなばし
3680	船橋法典	ふなばしほうてん
3681	船平山	ふなひらやま
3682	船町	ふなまち
3683	船町口	ふなまちぐち
3684	船引	ふねひき
3685	文挟	ふばさみ
3686	府屋	ふや
3687	富良野	ふらの
3688	古市	ふるいち
3689	古市橋	ふるいちばし
3690	古川	ふるかわ
3691	古口	ふるくち
3692	古国府	ふるごう
3693	古山	ふるさん
3694	古瀬	ふるせ
3695	古高松南	ふるたかまつみなみ
3696	古館	ふるだて
3697	古津	ふるつ
3698	豊前川崎	ぶぜんかわさき
3699	豊前松江	ぶぜんしょうえ
3700	豊前善光寺	ぶぜんぜんこ
3701	豊前長洲	ぶぜんながす
3702	豊前桝田	ぶぜんますだ
3703	分倍河原	ぶばいがわら
3704	文化の森	ぶんかのもり
3705	豊後荻	ぶんごおぎ
3706	豊後清川	ぶんごきよかわ
3707	豊後国分	ぶんごこくぶ
3708	豊後竹田	ぶんごたけた
3709	豊後豊岡	ぶんごとよおか
3710	豊後中川	ぶんごなかが
3711	豊後中村	ぶんごなかむら
3712	豊後三芳	ぶんごみよし
3713	豊後森	ぶんごもり
3714	分水	ぶんすい
3715	平成	へいせい
3716	平和	へいわ
3717	辺川	へがわ
3718	戸坂	へさか
3719	(陽)戸田	へた
3720	艫作	へなし
3721	蛇田	へびた
3722	別当賀	べっとが
3723	別府	べっぷ
3724	別府大学	べっぷだいか
3725	別保	べっぽ
3726	弁天島	べんてんじま
3727	弁天町	べんてんちょう
3728	弁天橋	べんてんばし
3729	北海道医療大学	ほっかいどういり
3730	ほっとゆだ	ほっとゆだ
3731	蓬栄	ほうえい
3732	法界院	ほうかいいん
3733	伯耆大山	ほうきだいせん
3734	伯耆溝口	ほうきみぞぐち
3735	宝木	ほうぎ
3736	方谷	ほうこく
3737	宝積寺	ほうしゃくじ
3738	宝珠山	ほうしゅやま
3739	祝園	ほうその
3740	宝達	ほうだつ
3741	宝殿	ほうでん
3742	防府	ほうふ
3743	蓬莱	ほうらい
3744	法隆寺	ほうりゅうじ
3745	北星	ほくせい
3746	星置	ほしおき
3747	星田	ほしだ
3748	ほしみ	ほしみ
3749	布施屋	ほしや
3750	上枝	ほずえ
3751	細浦	ほそうら
3752	細岡	ほそおか
3753	細野	ほその
3754	細呂木	ほそろぎ
3755	保田	ほた
3756	穂高	ほたか
3757	保津峡	ほづきょう
3758	穂積	ほづみ
3759	保土ヶ谷	ほどがや
3760	保内	ほない
3761	堀江	ほりえ
3762	幌糠	ほろぬか
3763	幌延	ほろのべ
3764	幌別	ほろべつ
3765	幌向	ほろむい
3766	本石倉	ほんいしくら
3767	本川内	ほんかわち
3768	本桐	ほんきり
3769	本黒田	ほんくろだ
3770	本郷	ほんごう
3771	本郷台	ほんごうだい
3772	本塩釜	ほんしおがま
3773	本庄	ほんじょう
3774	本城	ほんじょう
3775	本庄早稲田	ほんじょうわせた
3776	本竜野	ほんたつの
3777	誉田	ほんだ
3778	本千葉	ほんちば
3779	本津幡	ほんつばた
3780	本名	ほんな
3781	本長篠	ほんながしの
3782	本納	ほんのう
3783	本八戸	ほんはちのへ
3784	本俣賀	ほんまたが
3785	本牟田部	ほんむたべ
3786	本由良	ほんゆら
3787	母恋	ぼこい
3788	松任	まっとう
3789	真布	まっぷ
3790	舞子	まいこ
3791	舞阪	まいさか
3792	舞浜	まいはま
3793	米原	まいばら
3794	舞松原	まいまつばら
3795	前川	まえかわ
3796	前沢	まえさわ
3797	前空	まえぞら
3798	前之浜	まえのはま
3799	前橋	まえばし
3800	前橋大島	まえばしおおしま
3801	前谷地	まえやち
3802	前山	まえやま
3803	馬下	まおろし
3804	巻	まき
3805	牧	まき
3806	マキノ	まきの
3807	巻向	まきむく
3808	牧山	まきやま
3809	馬来田	まくた
3810	幕張	まくはり
3811	幕張本郷	まくはりほんごう
3812	幕別	まくべつ
3813	枕崎	まくらざき
3814	真倉	まぐら
3815	真幸	まさき
3816	摩周	ましゅう
3817	馬路	まじ
3818	間島	まじま
3819	鱒浦	ますうら
3820	升形	ますかた
3821	鱒沢	ますざわ
3822	益田	ますだ
3823	真滝	またき
3824	町田	まちだ
3825	松井田	まついだ
3826	松井山手	まついやまて
3827	松岩	まついわ
3828	松江	まつえ
3829	松尾	まつお
3830	松尾八幡平	まつおはちまんたい
3831	松神	まつかみ
3832	松川	まつかわ
3833	松ヶ浦	まつがうら
3834	松岸	まつぎし
3835	松草	まつくさ
3836	松倉	まつくら
3837	松阪	まつさか
3838	松崎	まつざき
3839	松下	まつした
3840	松島	まつしま
3841	松島海岸	まつしまかいがん
3842	松田	まつだ
3843	真土	まつち
3844	松戸	まつど
3845	松永	まつなが
3846	松尾寺	まつのおでら
3847	松橋	まつばせ
3848	松原	まつばら
3849	松原湖	まつばらこ
3850	松久	まつひさ
3851	松丸	まつまる
3852	松本	まつもと
3853	松山	まつやま
3854	松山町	まつやままち
3855	的場	まとば
3856	馬流	まながし
3857	万能倉	まなぐら
3858	真鶴	まなづる
3859	馬橋	まばし
3860	間々田	ままだ
3861	真室川	まむろがわ
3862	摩耶	まや
3863	丸尾	まるお
3864	丸岡	まるおか
3865	丸亀	まるがめ
3866	丸瀬布	まるせっぷ
3867	稀府	まれっぷ
3868	万ヶ塚	まんがつか
3869	万石浦	まんごくうら
3870	万座・鹿沢口	まんざ・かざわ
3871	万富	まんとみ
3872	明覚	みょうかく
3873	妙高高原	みょうこうこうげ
3874	妙寺	みょうじ
3875	妙法寺	みょうほうじ
3876	御井	みい
3877	三井野原	みいのはら
3878	三浦	みうら
3879	三重町	みえまち
3880	御影	みかげ
3881	三方	みかた
3882	三日月	みかづき
3883	三門	みかど
3884	三加茂	みかも
3885	(室)三川	みかわ
3886	(磐)三川	みかわ
3887	美川	みかわ
3888	三河安城	みかわあんじょう
3889	三河一宮	みかわいちのみや
3890	三河大塚	みかわおおつか
3891	三河大野	みかわおおの
3892	三河川合	みかわかわい
3893	三河塩津	みかわしおつ
3894	三河島	みかわしま
3895	三河内	みかわち
3896	三河東郷	みかわとうごう
3897	三河槇原	みかわまきはら
3898	三河三谷	みかわみや
3899	三木里	みきさと
3900	三国ヶ丘	みくにがおか
3901	三雲	みくも
3902	御来屋	みくりや
3903	三毛門	みけかど
3904	御崎	みさき
3905	美咲が丘	みさきがおか
3906	水窪	みさくぼ
3907	(武蔵)三郷	みさと
3908	美里	みさと
3909	三島	みしま
3910	三角	みすみ
3911	水城	みずき
3912	水沢	みずさわ
3913	水沢江刺	みずさわえさし
3914	水尻	みずしり
3915	瑞浪	みずなみ
3916	水成川	みずなりかわ
3917	瑞穂	みずほ
3918	水巻	みずまき
3919	三瀬谷	みせだに
3920	溝口	みぞぐち
3921	三鷹	みたか
3922	三滝	みたき
3923	御嶽	みたけ
3924	御岳堂	みたけどう
3925	三谷	みたに
3926	乱川	みだれがわ
3927	道川	みちかわ
3928	道上	みちのうえ
3929	道ノ尾	みちのお
3930	三石	みついし
3931	三岡	みつおか
3932	見附	みつけ
3933	三関	みつせき
3934	三津浜	みつはま
3935	三松	みつまつ
3936	御幣島	みてじま
3937	水戸	みと
3938	緑	みどり
3939	緑井	みどりい
3940	緑川	みどりかわ
3941	緑が丘	みどりがおか
3942	みどり湖	みどりこ
3943	水上	みなかみ
3944	美袋	みなぎ
3945	南部	みなべ
3946	南荒尾	みなみあらお
3947	南石井	みなみいしい
3948	南今庄	みなみいまじょう
3949	南岩国	みなみいわくに
3950	南浦和	みなみうらわ
3951	南大分	みなみおおいた
3952	南大高	みなみおおだか
3953	南大町	みなみおおまち
3954	南大嶺	みなみおおみね
3955	南小谷	みなみおたり
3956	南小樽	みなみおたる
3957	南小野田	みなみおのだ
3958	南鹿児島	みなみかごしま
3959	南柏	みなみかしわ
3960	南方	みなみかた
3961	南神城	みなみかみしろ
3962	南草津	みなみくさつ
3963	南熊本	みなみくまもと
3964	南久留米	みなみくるめ
3965	南気仙沼	みなみけせんぬま
3966	南甲府	みなみこうふ
3967	南小倉	みなみこくら
3968	南越谷	みなみこしがや
3969	南小松島	みなみこまつしま
3970	南御殿場	みなみごてんば
3971	南酒出	みなみさかいで
3972	南寒河江	みなみさがえ
3973	南三陸町役場	みなみさんりくちょ
3974	南斜里	みなみしゃり
3975	南酒々井	みなみしすい
3976	南清水沢	みなみしみずさわ
3977	南下徳富	みなみしもとっぷ
3978	南宍道	みなみしんじ
3979	南新庄	みなみしんじょう
3980	南瀬高	みなみせたか
3981	南千住	みなみせんじゅ
3982	南仙台	みなみせんだい
3983	南田辺	みなみたなべ
3984	南多摩	みなみたま
3985	南大東	みなみだいとう
3986	南鳥海	みなみちょうかい
3987	南千歳	みなみちとせ
3988	南弟子屈	みなみてしかが
3989	南出羽	みなみでわ
3990	南豊科	みなみとよしな
3991	南中川	みなみなかがわ
3992	南中郷	みなみなかごう
3993	南永山	みなみながやま
3994	南流山	みなみながれやま
3995	南野	みなみの
3996	南延岡	みなみのべおか
3997	南羽咋	みなみはくい
3998	南橋本	みなみはしもと
3999	南三原	みなみはら
4000	南日向	みなみひゅうが
4001	南彦根	みなみひこね
4002	南美深	みなみびふか
4003	南比布	みなみぴっぷ
4004	南福岡	みなみふくおか
4005	南福島	みなみふくしま
4006	南船橋	みなみふなばし
4007	南古谷	みなみふるや
4008	南幌延	みなみほろのべ
4009	南松本	みなみまつもと
4010	南宮崎	みなみみやざき
4011	南矢代	みなみやしろ
4012	南行橋	みなみゆくはし
4013	南由布	みなみゆふ
4014	南四日市	みなみよっかいち
4015	南吉田	みなみよしだ
4016	南米沢	みなみよねざわ
4017	南与野	みなみよの
4018	南稚内	みなみわっかない
4019	三縄	みなわ
4020	美祢	みね
4021	峰延	みねのぶ
4022	峰吉川	みねよしかわ
4023	みの	みの
4024	美濃赤坂	みのあかさか
4025	箕浦	みのうら
4026	美濃太田	みのおおた
4027	美濃川合	みのかわい
4028	美乃坂本	みのさかもと
4029	箕島	みのしま
4030	三野瀬	みのせ
4031	見能林	みのばやし
4032	身延	みのぶ
4033	美浜	みはま
4034	三原	みはら
4035	三春	みはる
4036	三保三隅	みほみすみ
4037	三間坂	みまさか
4038	美作江見	みまさかえみ
4039	美作追分	みまさかおいわけ
4040	美作大崎	みまさかおおさき
4041	美作落合	みまさかおちあい
4042	美作加茂	みまさかかも
4043	美作河井	みまさかかわい
4044	美作千代	みまさかせんだい
4045	美作滝尾	みまさかたきお
4046	美作土居	みまさかどい
4047	三股	みまた
4048	美々津	みみつ
4049	宮内	みやうち
4050	宮内串戸	みやうちくしど
4051	宮ヶ浜	みやがはま
4052	宮川	みやがわ
4053	宮木	みやき
4054	宮城野原	みやぎのはら
4055	宮古	みやこ
4056	都城	みやこのじょう
4057	宮崎	みやざき
4058	宮崎空港	みやざきくうこう
4059	宮崎神宮	みやざきじんく
4060	宮地	みやじ
4061	宮島口	みやじまぐち
4062	宮田	みやだ
4063	宮津	みやづ
4064	宮野	みやの
4065	宮ノ越	みやのこし
4066	宮ノ平	みやのひら
4067	宮原	みやはら
4068	美山	みやま
4069	宮前	みやまえ
4070	宮守	みやもり
4071	宮山	みややま
4072	三次	みよし
4073	三良坂	みらさか
4074	見老津	みろづ
4075	三輪	みわ
4076	三輪崎	みわさき
4077	三厩	みんまや
4078	六日町	むいかまち
4079	向河原	むかいがわら
4080	向市場	むかいちば
4081	向洋	むかいなだ
4082	向能代	むかいのしろ
4083	向之原	むかいのはる
4084	向原	むかいはら
4085	向井原	むかいばら
4086	鵡川	むかわ
4087	牟岐	むぎ
4088	武庫	むこ
4089	向日町	むこうまち
4090	武佐	むさ
4091	武蔵五日市	むさしいつかいち
4092	武蔵浦和	むさしうらわ
4093	武蔵小金井	むさしこがねい
4094	武蔵小杉	むさしこすぎ
4095	武蔵境	むさしさかい
4096	武蔵白石	むさししらいし
4097	武蔵新城	むさししんじょう
4098	武蔵高萩	むさしたかはぎ
4099	武蔵塚	むさしづか
4100	武蔵中原	むさしなかはら
4101	武蔵引田	むさしひきだ
4102	武蔵増戸	むさしますこ
4103	武蔵溝ノ口	むさしみぞのくち
4104	六十谷	むそた
4105	陸奥赤石	むつあかいし
4106	陸奥岩崎	むついわさき
4107	陸奥沢辺	むつさわべ
4108	陸奥白浜	むつしらはま
4109	陸奥鶴田	むつつるだ
4110	陸奥湊	むつみなと
4111	陸奥森田	むつもりた
4112	陸奥柳田	むつやなぎた
4113	陸奥横浜	むつよこはま
4114	務田	むでん
4115	撫養	むや
4116	村井	むらい
4117	村上	むらかみ
4118	村崎野	むらさきの
4119	村山	むらやま
4120	室蘭	むろらん
4121	姪浜	めいのはま
4122	明峰	めいほう
4123	女鹿	めが
4124	恵み野	めぐみの
4125	目黒	めぐろ
4126	目白	めじろ
4127	目出	めで
4128	目時	めとき
4129	目名	めな
4130	女満別	めまんべつ
4131	芽室	めむろ
4132	免田	めんでん
4133	茂市	もいち
4134	舞木	もうぎ
4135	最上	もがみ
4136	茂吉記念館前	もきちきねんかんま
4137	藻琴	もこと
4138	茂尻	もしり
4139	門司	もじ
4140	門司港	もじこう
4141	百舌鳥	もず
4142	妹背牛	もせうし
4143	用瀬	もちがせ
4144	餅原	もちばる
4145	用宗	もちむね
4146	元善光寺	もとぜんこうじ
4147	本楯	もとたて
4148	本中小屋	もとなかごや
4149	元町	もとまち
4150	本宮	もとみや
4151	本山	もとやま
4152	本八幡	もとやわた
4153	本吉	もとよし
4154	本輪西	もとわにし
4155	物井	ものい
4156	茂原	もばら
4157	桃内	ももうち
4158	桃谷	ももだに
4159	桃川	もものかわ
4160	桃山	ももやま
4161	森	もり
4162	盛岡	もりおか
4163	森田	もりた
4164	森岳	もりたけ
4165	森ノ宮	もりのみや
4166	森宮野原	もりみやのはら
4167	守山	もりやま
4168	毛呂	もろ
4169	諸寄	もろよせ
4170	門静	もんしず
4171	紋穂内	もんぽない
4172	矢板	やいた
4173	焼津	やいづ
4174	八色	やいろ
4175	八尾	やお
4176	八川	やかわ
4177	谷峨	やが
4178	矢賀	やが
4179	矢神	やがみ
4180	矢川	やがわ
4181	谷河原	やがわら
4182	八木	やぎ
4183	八木原	やぎはら
4184	厄神	やくじん
4185	八雲	やくも
4186	八栗口	やくりぐち
4187	矢倉	やぐら
4188	焼石	やけいし
4189	矢向	やこう
4190	矢越	やごし
4191	屋島	やしま
4192	矢代田	やしろだ
4193	社町	やしろちょう
4194	野洲	やす
4195	安牛	やすうし
4196	安浦	やすうら
4197	安岡	やすおか
4198	安来	やすぎ
4199	安国	やすくに
4200	安田	やすだ
4201	八十場	やそば
4202	谷田川	やたがわ
4203	矢岳	やたけ
4204	八千穂	やちほ
4205	八街	やちまた
4206	八次	やつぎ
4207	八代	やつしろ
4208	八積	やつみ
4209	弥富	やとみ
4210	柳井	やない
4211	柳津	やないづ
4212	柳井港	やないみなと
4213	梁川	やながわ
4214	柳ヶ浦	やなぎがうら
4215	柳田	やなぎた
4216	(讃)柳原	やなぎはら
4217	(北)柳原	やなぎはら
4218	柳本	やなぎもと
4219	梁瀬	やなせ
4220	簗場	やなば
4221	ﾔﾅﾊﾞｽｷｰ場前	やなばすきーじ
4222	矢野	やの
4223	矢野口	やのくち
4224	矢作	やはぎ
4225	八幡	やはた
4226	矢幅	やはば
4227	八橋	やばせ
4228	矢原	やばら
4229	弥彦	やひこ
4230	矢美津	やびつ
4231	養父	やぶ
4232	藪神	やぶかみ
4233	矢吹	やぶき
4234	藪原	やぶはら
4235	矢部	やべ
4236	谷保	やほ
4237	山川	やまかわ
4238	山家	やまが
4239	山形	やまがた
4240	山方宿	やまがたじゅく
4241	山河内	やまがわち
4242	山北	やまきた
4243	山岸	やまぎし
4244	山口	やまぐち
4245	山越	やまこし
4246	(函)山崎	やまさき
4247	(東)山崎	やまざき
4248	山下	やました
4249	山科	やましな
4250	山城青谷	やましろあおだに
4251	山城多賀	やましろたが
4252	山瀬	やませ
4253	山田上口	やまだかみぐち
4254	山田西町	やまだにしまち
4255	矢祭山	やまつりやま
4256	山手	やまて
4257	山寺	やまでら
4258	山都	やまと
4259	大和	やまと
4260	大和小泉	やまとこいずみ
4261	大和新庄	やまとしんじょう
4262	大和二見	やまとふたみ
4263	山中渓	やまなかだに
4264	山梨市	やまなしし
4265	山ノ内	やまのうち
4266	山之口	やまのくち
4267	山ノ目	やまのめ
4268	山吹	やまぶき
4269	山部	やまべ
4270	山前	やままえ
4271	山本	やまもと
4272	止別	やむべつ
4273	矢本	やもと
4274	弥生が丘	やよいがおか
4275	鑓見内	やりみない
4276	八幡宿	やわたじゅく
4277	八幡浜	やわたはま
4278	湯浅	ゆあさ
4279	由比	ゆい
4280	由宇	ゆう
4281	結城	ゆうき
4282	勇知	ゆうち
4283	夕張	ゆうばり
4284	有備館	ゆうびかん
4285	勇払	ゆうふつ
4286	有楽町	ゆうらくちょう
4287	湯江	ゆえ
4288	湯川	ゆかわ
4289	湯河原	ゆがわら
4290	油木	ゆき
4291	由岐	ゆき
4292	行橋	ゆくはし
4293	弓削	ゆげ
4294	湯里	ゆさと
4295	遊佐	ゆざ
4296	湯沢	ゆざわ
4297	油島	ゆしま
4298	柚須	ゆす
4299	湯瀬温泉	ゆぜおんせん
4300	湯玉	ゆたま
4301	湯田温泉	ゆだおんせん
4302	ゆだ錦秋湖	ゆだきんしゅうこ
4303	ゆだ高原	ゆだこうげん
4304	湯田村	ゆだむら
4305	由仁	ゆに
4306	ユニバーサルＣ	ゆにばーさるして
4307	湯尾	ゆのお
4308	柚木	ゆのき
4309	温泉津	ゆのつ
4310	湯ノ峠	ゆのとう
4311	湯平	ゆのひら
4312	湯之元	ゆのもと
4313	湯檜曽	ゆびそ
4314	由布院	ゆふいん
4315	弓ヶ浜	ゆみがはま
4316	湯本	ゆもと
4317	湯谷温泉	ゆやおんせん
4318	由良	ゆら
4319	百合が原	ゆりがはら
4320	四日市	よっかいち
4321	夜明	よあけ
4322	余市	よいち
4323	八鹿	ようか
4324	八日市場	ようかいちば
4325	洋光台	ようこうだい
4326	暘谷	ようこく
4327	用土	ようど
4328	横磯	よこいそ
4329	横尾	よこお
4330	(信)横川	よこかわ
4331	横川目	よこかわめ
4332	(陽)横川	よこがわ
4333	横倉	よこくら
4334	横芝	よこしば
4335	横須賀	よこすか
4336	横田	よこた
4337	横手	よこて
4338	横浜	よこはま
4339	横堀	よこぼり
4340	横間	よこま
4341	横山	よこやま
4342	余呉	よご
4343	吉浦	よしうら
4344	吉尾	よしお
4345	吉川	よしかわ
4346	良川	よしかわ
4347	吉川美南	よしかわみなみ
4348	吉田	よしだ
4349	吉田口	よしだぐち
4350	吉塚	よしづか
4351	(陰)吉富	よしとみ
4352	(豊)吉富	よしとみ
4353	吉名	よしな
4354	吉永	よしなが
4355	吉成	よしなり
4356	吉野	よしの
4357	吉野ヶ里公園	よしのがりこうえ
4358	吉野口	よしのぐち
4359	吉野生	よしのぶ
4360	吉松	よしまつ
4361	吉見	よしみ
4362	吉原	よしわら
4363	四街道	よつかいどう
4364	四ツ倉	よつくら
4365	四ツ小屋	よつごや
4366	四辻	よつつじ
4367	四ツ谷	よつや
4368	淀江	よどえ
4369	米子	よなご
4370	米子空港	よなごくうこう
4371	米川	よねかわ
4372	米沢	よねざわ
4373	米山	よねやま
4374	与野	よの
4375	与野本町	よのほんまち
4376	夜ノ森	よのもり
4377	呼人	よびと
4378	呼野	よぶの
4379	余部	よべ
4380	蓬田	よもぎた
4381	代々木	よよぎ
4382	寄居	よりい
4383	寄畑	よりはた
4384	鎧	よろい
4385	榎原	よわら
4386	来迎寺	らいこうじ
4387	礼拝	らいはい
4388	ラベンダー畑	らべんだーば
4389	蘭越	らんこし
4390	蘭島	らんしま
4391	蘭留	らんる
4392	竜王	りゅうおう
4393	竜ヶ水	りゅうがみず
4394	両石	りょういし
4395	両国	りょうごく
4396	栗東	りっとう
4397	陸前赤井	りくぜんあかい
4398	陸前稲井	りくぜんいない
4399	陸前大塚	りくぜんおおつか
4400	陸前落合	りくぜんおちあい
4401	陸前小野	りくぜんおの
4402	陸前小泉	りくぜんこいず
4403	陸前山王	りくぜんさんのう
4404	陸前白沢	りくぜんしらさわ
4405	陸前高砂	りくぜんたかさこ
4406	陸前高田	りくぜんたかた
4407	陸前戸倉	りくぜんとぐら
4408	陸前富山	りくぜんとみやま
4409	陸前豊里	りくぜんとよさと
4410	陸前階上	りくぜんはしかみ
4411	陸前浜田	りくぜんはまだ
4412	陸前原ノ町	りくぜんはらのま
4413	陸前港	りくぜんみなと
4414	陸前谷地	りくぜんやち
4415	陸前矢作	りくぜんやはぎ
4416	陸前山下	りくぜんやました
4417	陸前横山	りくぜんよこやま
4418	陸中大里	りくちゅうおおさと
4419	陸中大橋	りくちゅうおおはし
4420	陸中折居	りくちゅうおりい
4421	陸中川井	りくちゅうかわい
4422	陸中門崎	りくちゅうかんざ
4423	陸中中野	りくちゅうなかの
4424	陸中夏井	りくちゅうなつい
4425	陸中松川	りくちゅうまつかわ
4426	陸中八木	りくちゅうやぎ
4427	陸中山田	りくちゅうやまだ
4428	栗林	りつりん
4429	栗林公園北口	りつりんこうえんき
4430	利府	りふ
4431	りんくうタウン	りんくうたうん
4432	留辺蘂	るべしべ
4433	留萌	るもい
4434	礼文	れぶん
4435	六軒	ろっけん
4436	六甲道	ろっこうみち
4437	六合	ろくごう
4438	六条	ろくじょう
4439	六地蔵	ろくじぞう
4440	六反地	ろくたんじ
4441	六原	ろくはら
4442	稚内	わっかない
4443	和寒	わっさむ
4444	若井	わかい
4445	若狭有田	わかさありた
4446	若狭高浜	わかさたかはま
4447	若狭本郷	わかさほんごう
4448	若狭和田	わかさわだ
4449	和賀仙人	わかせんにん
4450	若松	わかまつ
4451	若宮	わかみや
4452	和歌山	わかやま
4453	和歌山市	わかやまし
4454	和木	わき
4455	掖上	わきがみ
4456	脇ノ沢	わきのさわ
4457	脇本	わきもと
4458	涌谷	わくや
4459	和倉温泉	わくらおんせん
4460	和気	わけ
4461	和佐	わさ
4462	鷲津	わしづ
4463	鷲別	わしべつ
4464	和白	わじろ
4465	渡瀬	わたぜ
4466	和多田	わただ
4467	渡波	わたのは
4468	渡	わたり
4469	亘理	わたり
4470	渡川	わたりがわ
4471	和田	わだ
4472	和田浦	わだうら
4473	和田浜	わだはま
4474	和田岬	わだみさき
4475	和田山	わだやま
4476	和知	わち
4477	和邇	わに
4478	輪西	わにし
4479	和深	わぶか
4480	和渕	わぶち
4481	蕨	わらび